# Blender 5.2.1 LTS
# www.blender.org
mtllib LynxNova.mtl
o star_face.001
v -0.208363 14.666039 1.733958 1.0000 1.0000 1.0000
v 0.000000 15.379251 1.733958 1.0000 1.0000 1.0000
v -0.951057 14.688269 1.733958 1.0000 1.0000 1.0000
v -0.337139 14.269709 1.733958 1.0000 1.0000 1.0000
v -0.587785 13.570234 1.733958 1.0000 1.0000 1.0000
v 0.000000 14.024763 1.733958 1.0000 1.0000 1.0000
v 0.587785 13.570234 1.733958 1.0000 1.0000 1.0000
v 0.337139 14.269709 1.733958 1.0000 1.0000 1.0000
v 0.951057 14.688269 1.733958 1.0000 1.0000 1.0000
v 0.208363 14.666039 1.733958 1.0000 1.0000 1.0000
v 0.000000 14.357733 1.718519 1.0000 1.0000 1.0000
v -0.951057 14.688269 1.359421 1.0000 1.0000 1.0000
v -0.299205 14.668758 1.593296 1.0000 1.0000 1.0000
v -0.208363 14.666039 1.615166 1.0000 1.0000 1.0000
v 0.208363 14.666039 1.591385 1.0000 1.0000 1.0000
v 0.947291 14.688156 1.329150 1.0000 1.0000 1.0000
v 0.951057 14.688269 1.328359 1.0000 1.0000 1.0000
v 0.587785 13.570234 1.205326 1.0000 1.0000 1.0000
v 0.000000 14.024763 1.582815 1.0000 1.0000 1.0000
v -0.513959 14.390262 1.533103 1.0000 1.0000 1.0000
v -0.337139 14.269709 1.552321 1.0000 1.0000 1.0000
v 0.000000 15.379251 1.538648 1.0000 1.0000 1.0000
v 0.465976 13.910166 1.383706 1.0000 1.0000 1.0000
v 0.337139 14.269709 1.558676 1.0000 1.0000 1.0000
v -0.538511 13.707745 1.245448 1.0000 1.0000 1.0000
v -0.587785 13.570234 1.184436 1.0000 1.0000 1.0000
v -0.000000 15.379251 1.538648 1.0000 1.0000 1.0000
v 0.948813 14.686739 1.328867 1.0000 1.0000 1.0000
v 0.513959 14.390262 1.533103 1.0000 1.0000 1.0000
v -0.484534 13.650078 1.242810 1.0000 1.0000 1.0000
v 0.000000 14.024763 1.582815 1.0000 1.0000 1.0000
v -1.000000 13.397239 1.000000 1.0000 1.0000 1.0000
v -1.000000 15.397240 1.300000 1.0000 1.0000 1.0000
v -0.350000 13.099999 0.350000 1.0000 1.0000 1.0000
v -1.000000 13.463905 -1.000000 1.0000 1.0000 1.0000
v -0.350000 13.099998 -0.350000 1.0000 1.0000 1.0000
v -1.333333 15.463905 -1.333333 1.0000 1.0000 1.0000
v 1.000000 13.397239 1.000000 1.0000 1.0000 1.0000
v 0.350000 13.099998 0.350000 1.0000 1.0000 1.0000
v 1.000000 15.397240 1.300000 1.0000 1.0000 1.0000
v 1.000000 13.463905 -1.000000 1.0000 1.0000 1.0000
v 1.333333 15.463905 -1.333333 1.0000 1.0000 1.0000
v 0.350000 13.099998 -0.350000 1.0000 1.0000 1.0000
v -1.333333 16.063906 -0.033334 1.0000 1.0000 1.0000
v 1.333333 16.063906 -0.033334 1.0000 1.0000 1.0000
v 0.000000 16.063906 -1.500001 1.0000 1.0000 1.0000
v -0.426698 13.176697 0.000000 1.0000 1.0000 1.0000
v 0.000000 16.330572 -0.366667 1.0000 1.0000 1.0000
v -1.219136 14.434894 1.278704 1.0000 1.0000 1.0000
v -1.557099 15.794152 -0.679630 1.0000 1.0000 1.0000
v -0.000000 13.176697 -0.426697 1.0000 1.0000 1.0000
v -1.283951 14.539214 -1.283951 1.0000 1.0000 1.0000
v 0.674383 15.794152 -1.583333 1.0000 1.0000 1.0000
v 0.426698 13.176697 0.000000 1.0000 1.0000 1.0000
v 1.283951 14.539214 -1.283951 1.0000 1.0000 1.0000
v 1.283951 15.783659 0.622222 1.0000 1.0000 1.0000
v 1.219136 14.434894 1.278704 1.0000 1.0000 1.0000
v -0.000000 13.176697 0.426698 1.0000 1.0000 1.0000
v -1.219136 13.226251 0.000000 1.0000 1.0000 1.0000
v -1.283951 15.783659 0.622222 1.0000 1.0000 1.0000
v 1.219136 13.226251 0.000000 1.0000 1.0000 1.0000
v 1.557099 15.794152 -0.679630 1.0000 1.0000 1.0000
v 0.674383 16.288597 -0.116976 1.0000 1.0000 1.0000
v -0.000000 13.236745 -1.219136 1.0000 1.0000 1.0000
v -0.674383 15.794152 -1.583333 1.0000 1.0000 1.0000
v -0.000000 13.337653 0.000000 1.0000 1.0000 1.0000
v -0.000000 13.132423 1.219136 1.0000 1.0000 1.0000
v -0.000000 15.570696 1.504938 1.0000 1.0000 1.0000
v -0.674383 16.288597 -0.116976 1.0000 1.0000 1.0000
v 0.000000 16.288597 -0.979013 1.0000 1.0000 1.0000
v -1.744444 14.740350 -0.004889 1.0000 1.0000 1.0000
v 0.000000 14.750128 -1.773334 1.0000 1.0000 1.0000
v 0.000000 14.357733 1.718519 1.0000 1.0000 1.0000
v -0.885803 16.209585 -0.932717 1.0000 1.0000 1.0000
v 1.744444 14.740350 -0.004889 1.0000 1.0000 1.0000
v 0.885803 16.209585 -0.932717 1.0000 1.0000 1.0000
v -0.000000 16.185684 0.688889 1.0000 1.0000 1.0000
v 0.375799 12.982268 -0.375799 1.0000 1.0000 1.0000
v 0.426698 12.953611 -0.223085 1.0000 1.0000 1.0000
v 0.523012 12.921366 0.000000 1.0000 1.0000 1.0000
v 0.000000 12.925219 -0.521559 1.0000 1.0000 1.0000
v -0.000000 12.925219 -0.521559 1.0000 1.0000 1.0000
v 0.375799 12.982268 -0.375799 1.0000 1.0000 1.0000
v 0.209297 12.959296 -0.445539 1.0000 1.0000 1.0000
v -0.000000 12.885939 0.536376 1.0000 1.0000 1.0000
v 0.229735 12.946961 0.426698 1.0000 1.0000 1.0000
v -0.000000 12.885939 0.536376 1.0000 1.0000 1.0000
v 0.523012 12.921366 0.000000 1.0000 1.0000 1.0000
v 0.442858 12.963245 0.213246 1.0000 1.0000 1.0000
v 0.373880 12.991026 0.373880 1.0000 1.0000 1.0000
v -0.380554 12.960567 0.380555 1.0000 1.0000 1.0000
v -0.380554 12.960567 0.380555 1.0000 1.0000 1.0000
v -0.171383 12.921383 0.471283 1.0000 1.0000 1.0000
v -0.426698 12.941873 0.234824 1.0000 1.0000 1.0000
v -0.523012 12.921366 0.000000 1.0000 1.0000 1.0000
v -0.523012 12.921366 0.000000 1.0000 1.0000 1.0000
v -0.428295 12.984693 -0.234693 1.0000 1.0000 1.0000
v -0.368008 13.017824 -0.368007 1.0000 1.0000 1.0000
v -0.204343 12.972353 -0.426697 1.0000 1.0000 1.0000
v 0.621009 14.025537 -3.564175 1.0000 1.0000 1.0000
v 0.179896 14.919241 -4.400428 1.0000 1.0000 1.0000
v 1.174448 14.944776 -2.822257 1.0000 1.0000 1.0000
v 0.639515 15.838480 -3.604344 1.0000 1.0000 1.0000
v -0.543125 13.948934 -2.980515 1.0000 1.0000 1.0000
v -0.945937 14.919241 -3.750428 1.0000 1.0000 1.0000
v -0.524619 15.915084 -3.020684 1.0000 1.0000 1.0000
v -0.471551 14.485157 -1.989877 1.0000 1.0000 1.0000
v 0.541377 15.072449 -1.896546 1.0000 1.0000 1.0000
v -0.334744 15.412907 -1.921440 1.0000 1.0000 1.0000
v 0.860845 14.984969 -2.284107 1.0000 1.0000 1.0000
v -0.177303 14.567198 -1.757078 1.0000 1.0000 1.0000
v 1.035799 14.398860 -3.139977 1.0000 1.0000 1.0000
v 0.482701 15.479580 -4.160830 1.0000 1.0000 1.0000
v -0.498697 14.196712 -2.409376 1.0000 1.0000 1.0000
v -0.898708 15.497313 -3.383749 1.0000 1.0000 1.0000
v 0.295315 14.841220 -1.713531 1.0000 1.0000 1.0000
v 0.067733 16.057650 -3.294700 1.0000 1.0000 1.0000
v 0.038774 13.820789 -3.231843 1.0000 1.0000 1.0000
v -0.483740 14.919241 -4.249878 1.0000 1.0000 1.0000
v 0.479788 14.362923 -4.154507 1.0000 1.0000 1.0000
v 1.061844 15.483600 -3.196511 1.0000 1.0000 1.0000
v -0.446932 15.693076 -2.466835 1.0000 1.0000 1.0000
v -0.901621 14.345190 -3.377426 1.0000 1.0000 1.0000
v -0.605136 14.928226 -1.983188 1.0000 1.0000 1.0000
v 0.223475 15.408651 -1.906839 1.0000 1.0000 1.0000
v 0.369152 14.259474 -2.302817 1.0000 1.0000 1.0000
v 0.467437 15.722001 -2.537752 1.0000 1.0000 1.0000
v -0.907796 14.924646 -2.664467 1.0000 1.0000 1.0000
v -0.310673 15.693785 -3.950119 1.0000 1.0000 1.0000
v -0.389569 14.902130 -1.665069 1.0000 1.0000 1.0000
v 1.021447 14.924443 -3.818846 1.0000 1.0000 1.0000
v -0.314443 14.149899 -3.941936 1.0000 1.0000 1.0000
v 0.000000 14.750127 -1.773333 1.0000 1.0000 1.0000
v 0.000000 14.682904 -1.748717 1.0000 1.0000 1.0000
v 0.034438 14.705832 -1.746701 1.0000 1.0000 1.0000
v 0.051950 14.717962 -1.745272 1.0000 1.0000 1.0000
v -0.128194 14.661793 -1.700955 1.0000 1.0000 1.0000
v -0.060374 14.672472 -1.726644 1.0000 1.0000 1.0000
v 0.086544 14.735910 -1.740347 1.0000 1.0000 1.0000
v 0.237275 14.841470 -1.692424 1.0000 1.0000 1.0000
v -0.363640 14.938582 -1.652877 1.0000 1.0000 1.0000
v -0.345783 14.894797 -1.656268 1.0000 1.0000 1.0000
v -0.201725 14.716990 -1.696445 1.0000 1.0000 1.0000
v -0.361901 14.943865 -1.653905 1.0000 1.0000 1.0000
v -0.249772 15.228596 -1.683865 1.0000 1.0000 1.0000
v -0.279249 15.182439 -1.694658 1.0000 1.0000 1.0000
v 0.122959 15.229995 -1.678457 1.0000 1.0000 1.0000
v 0.223284 15.152662 -1.698594 1.0000 1.0000 1.0000
v 0.239492 15.120889 -1.705859 1.0000 1.0000 1.0000
v 0.250405 14.919068 -1.692363 1.0000 1.0000 1.0000
v 0.000000 15.225277 -1.674478 1.0000 1.0000 1.0000
v 0.244594 14.881065 -1.692617 1.0000 1.0000 1.0000
vn -0.0000 -0.0000 1.0000
vn 0.0299 0.9996 -0.0000
vn -0.0299 0.9996 -0.0000
vn -0.6117 -0.7911 -0.0000
vn -0.5633 -0.8262 -0.0000
vn 0.9599 0.2804 -0.0000
vn 0.9414 0.3373 -0.0000
vn -0.9414 0.3373 -0.0000
vn -0.9599 0.2804 -0.0000
vn 0.5633 -0.8262 -0.0000
vn 0.6117 -0.7911 -0.0000
vn -0.3079 0.3433 -0.8873
vn -0.3256 -0.1640 -0.9312
vn 0.2913 -0.1026 -0.9511
vn 0.3358 0.3543 -0.8728
vn -0.9130 -0.2964 0.2802
vn -0.8901 0.1642 0.4252
vn -0.9348 0.2946 0.1985
vn -0.9458 -0.0514 -0.3207
vn -0.9082 -0.3146 -0.2759
vn -0.2825 -0.3234 -0.9031
vn -0.3408 -0.0583 -0.9383
vn -0.0000 0.2037 -0.9790
vn 0.3408 -0.0583 -0.9383
vn 0.2825 -0.3234 -0.9031
vn 0.3153 -0.3357 0.8876
vn 0.2817 0.1126 0.9529
vn -0.2817 0.1126 0.9529
vn -0.3153 -0.3357 0.8876
vn -0.1781 0.8496 -0.4964
vn -0.5573 0.6269 -0.5444
vn -0.4484 0.8903 -0.0789
vn -0.0905 0.9934 -0.0708
vn 0.3350 -0.8778 -0.3423
vn 0.3431 -0.8985 0.2740
vn -0.3497 -0.8939 0.2805
vn -0.3277 -0.8833 -0.3353
vn 0.9082 -0.3146 -0.2759
vn 0.9458 -0.0514 -0.3207
vn 0.9348 0.2946 0.1985
vn 0.8901 0.1642 0.4252
vn 0.9130 -0.2964 0.2802
vn 0.5573 0.6269 -0.5444
vn 0.1781 0.8496 -0.4964
vn 0.0905 0.9934 -0.0708
vn 0.4484 0.8903 -0.0789
vn 0.2821 0.8845 0.3716
vn -0.0000 0.9907 0.1360
vn -0.2821 0.8845 0.3716
vn -0.2638 0.7773 0.5712
vn 0.2638 0.7773 0.5712
vn 0.9108 -0.2920 -0.2920
vn 0.9008 -0.3333 0.2784
vn 0.2927 -0.2927 0.9103
vn -0.2822 -0.3295 0.9010
vn -0.9106 -0.2922 0.2922
vn -0.9009 -0.3304 -0.2813
vn -0.2951 -0.2951 -0.9088
vn 0.2851 -0.3267 -0.9011
vn -0.3061 -0.9015 0.3061
vn 0.3061 -0.9015 0.3061
vn 0.3061 -0.9015 -0.3061
vn -0.3061 -0.9015 -0.3061
vn 0.0005 -0.9094 0.4160
vn 0.4682 -0.8473 0.2506
vn 0.7269 -0.4882 0.4829
vn 0.6920 -0.4346 0.5764
vn 0.3081 -0.6413 0.7027
vn -0.0414 -0.8599 0.5088
vn -0.0139 0.9183 0.3957
vn 0.0023 0.8927 0.4507
vn 0.6648 0.5617 0.4924
vn 0.7383 0.5100 0.4414
vn 0.4799 0.8604 0.1714
vn -0.9994 0.0027 0.0351
vn -0.8601 -0.4167 0.2941
vn -0.8759 -0.3316 0.3504
vn -0.8327 0.4086 0.3737
vn -0.8393 0.4397 0.3197
vn 0.0651 0.8441 -0.5322
vn -0.1602 0.4183 -0.8941
vn -0.6868 0.4082 -0.6015
vn -0.4567 0.8360 -0.3042
vn -0.2437 -0.3891 0.8884
vn -0.7594 0.3551 0.5452
vn -0.6607 -0.3761 0.6496
vn 0.7724 0.4320 -0.4657
vn 0.9880 -0.0316 -0.1510
vn 0.7829 -0.4657 -0.4126
vn 0.5685 -0.0061 -0.8226
vn 0.5569 0.3545 0.7512
vn -0.0108 0.7892 0.6141
vn 0.3410 -0.0584 0.9383
vn -0.1591 -0.4280 -0.8897
vn 0.0765 -0.8752 -0.4777
vn -0.4336 -0.8558 -0.2820
vn -0.6852 -0.4131 -0.6000
vn 0.2888 0.3184 0.9029
vn 0.3385 0.0532 0.9395
vn -0.0021 -0.2037 0.9790
vn -0.3374 0.0507 0.9400
vn -0.2843 0.3219 0.9031
vt 0.547552 0.777895
vt 0.579447 0.793089
vt 0.538756 0.809551
vt 0.487035 0.864260
vt 0.506575 0.793414
vt 0.496224 0.762937
vt 0.524819 0.769404
vt 0.531762 0.762293
vt 0.536830 0.766581
vt 0.563534 0.737602
vt 0.472022 0.891374
vt 0.547570 0.821051
vt 0.539808 0.839256
vt 0.550091 0.768983
vt 0.557171 0.741748
vt 0.560946 0.743472
vt 0.533683 0.762004
vt 0.530207 0.760512
vt 0.487746 0.790520
vt 0.472022 0.821151
vt 0.583494 0.791274
vt 0.539250 0.762629
vt 0.534489 0.763026
vt 0.481065 0.761070
vt 0.486766 0.750933
vt 0.582296 0.789119
vt 0.544740 0.757989
vt 0.555852 0.739244
vt 0.496967 0.746450
vt 0.527654 0.759153
vt 0.533781 0.762983
vt 0.541019 0.756939
vt 0.546400 0.761959
vt 0.540246 0.761591
vt 0.534322 0.763898
vt 0.546352 0.766124
vt 0.559307 0.751061
vt 0.557965 0.755371
vt 0.549248 0.737071
vt 0.569268 0.719121
vt 0.502461 0.728923
vt 0.509373 0.731525
vt 0.538519 0.742969
vt 0.506705 0.734069
vt 0.432001 0.351126
vt 0.425430 0.397008
vt 0.360866 0.405297
vt 0.390191 0.318133
vt 0.429576 0.434383
vt 0.402545 0.460785
vt 0.403389 0.035409
vt 0.421233 0.067191
vt 0.375868 0.113242
vt 0.360866 0.037200
vt 0.444402 0.087659
vt 0.441737 0.124664
vt 0.443841 0.178185
vt 0.394786 0.210373
vt 0.495138 0.112709
vt 0.490700 0.191996
vt 0.470142 0.076462
vt 0.495552 0.065079
vt 0.522534 0.076485
vt 0.551813 0.088431
vt 0.548508 0.128699
vt 0.539398 0.183800
vt 0.517833 0.359340
vt 0.515750 0.404633
vt 0.470645 0.403225
vt 0.476166 0.343760
vt 0.504588 0.438744
vt 0.467640 0.441240
vt 0.453894 0.051412
vt 0.494284 0.041669
vt 0.442286 0.009273
vt 0.491228 0.008004
vt 0.489111 0.227707
vt 0.488133 0.228559
vt 0.583763 0.224092
vt 0.537185 0.272946
vt 0.526092 0.253100
vt 0.519763 0.239655
vt 0.519728 0.238105
vt 0.504195 0.233245
vt 0.564758 0.336211
vt 0.479362 0.312457
vt 0.479003 0.314021
vt 0.496675 0.310457
vt 0.510932 0.309060
vt 0.521653 0.296063
vt 0.536170 0.279912
vt 0.431378 0.267706
vt 0.434126 0.267525
vt 0.443756 0.288175
vt 0.448916 0.302893
vt 0.450265 0.301078
vt 0.466539 0.308552
vt 0.472073 0.231773
vt 0.455856 0.234134
vt 0.447440 0.247576
vt 0.620975 0.129719
vt 0.583353 0.063966
vt 0.541888 0.493729
vt 0.524877 0.464920
vt 0.574487 0.426107
vt 0.581699 0.494245
vt 0.538399 0.047862
vt 0.540023 -0.000000
vt 0.584884 0.014633
vt 0.504072 0.513271
vt 0.466595 0.479110
vt 0.466947 0.529908
vt 0.429503 0.513898
vt 0.393882 0.499122
vt 0.456161 0.267994
vt 0.458416 0.292426
vt 0.461264 0.242187
vt 0.486781 0.243376
vt 0.511845 0.247199
vt 0.513973 0.273964
vt 0.505651 0.299306
vt 0.481500 0.296574
vt 0.484557 0.270447
vt 0.034869 0.934881
vt 0.000000 0.918505
vt 0.042708 0.867237
vt 0.056462 0.909677
vt 0.537785 0.658715
vt 0.558162 0.689830
vt 0.504102 0.719121
vt 0.500643 0.657733
vt 0.068730 0.802914
vt 0.073692 0.836493
vt 0.028832 0.799209
vt 0.079903 0.854465
vt 0.075423 0.865948
vt 0.072113 0.882444
vt 0.076117 0.867607
vt 0.074168 0.872700
vt 0.073885 0.874044
vt 0.073684 0.874779
vt 0.073395 0.876247
vt 0.073986 0.878231
vt 0.074550 0.880190
vt 0.071060 0.895877
vt 0.155406 0.882472
vt 0.122572 0.882395
vt 0.112473 0.840268
vt 0.165093 0.840419
vt 0.098362 0.879149
vt 0.093994 0.862022
vt 0.108854 0.791183
vt 0.154257 0.795587
vt 0.530651 0.577892
vt 0.494845 0.589374
vt 0.494076 0.529908
vt 0.551230 0.546492
vt 0.101047 0.930951
vt 0.058780 0.967618
vt 0.088749 0.894212
vt 0.165093 0.924874
vt 0.620975 0.615379
vt 0.582749 0.616681
vt 0.575281 0.583894
vt 0.617898 0.570410
vt 0.559963 0.617706
vt 0.547441 0.600199
vt 0.593177 0.534332
vt 0.083091 0.884432
vt 0.076697 0.881399
vt 0.082539 0.883301
vt 0.083710 0.883429
vt 0.083854 0.883345
vt 0.089277 0.879185
vt 0.090160 0.877817
vt 0.620975 0.660610
vt 0.578268 0.649224
vt 0.599741 0.698943
vt 0.550122 0.636220
vt 0.087548 0.868119
vt 0.085041 0.865955
vt 0.083925 0.865474
vt 0.078209 0.866601
vt 0.088211 0.871628
vt 0.077137 0.867120
vt 0.524540 0.620438
vt 0.472022 0.626492
vt 0.075483 0.875390
s 0
usemtl cyan_glow
f 32/45/16 49/46/16 71/47/16 59/48/16
f 33/49/17 60/50/17 71/47/17 49/46/17
f 44/51/18 50/52/18 71/53/18 60/54/18
f 37/55/19 52/56/19 71/53/19 50/52/19
f 35/57/20 59/58/20 71/53/20 52/56/20
f 35/57/21 52/56/21 72/59/21 64/60/21
f 37/55/22 65/61/22 72/59/22 52/56/22
f 46/62/23 53/63/23 72/59/23 65/61/23
f 42/64/24 55/65/24 72/59/24 53/63/24
f 41/66/25 64/60/25 72/59/25 55/65/25
f 38/67/26 57/68/26 73/69/26 67/70/26
f 57/68/27 40/71/27 68/72/27 73/69/27
f 73/69/28 68/72/28 33/49/28 49/46/28
f 67/70/29 73/69/29 49/46/29 32/45/29
f 46/62/30 65/61/30 74/73/30 70/74/30
f 65/61/31 37/55/31 50/52/31 74/73/31
f 74/73/32 50/52/32 44/51/32 69/75/32
f 70/74/33 74/73/33 69/75/33 48/76/33
f 81/77/34 82/78/34 64/60/34 41/66/34 61/79/34 80/80/34 79/81/34 78/82/34 83/83/34 84/84/34
f 80/80/35 61/85/35 38/67/35 67/70/35 87/86/35 85/87/35 86/88/35 90/89/35 89/90/35 88/91/35
f 67/70/36 32/45/36 59/48/36 95/92/36 96/93/36 94/94/36 91/95/36 92/96/36 93/97/36 87/86/36
f 59/58/37 35/57/37 64/60/37 82/78/37 99/98/37 98/99/37 97/100/37 95/92/37
f 41/66/38 55/65/38 75/101/38 61/79/38
f 42/64/39 62/102/39 75/101/39 55/65/39
f 45/103/40 56/104/40 75/105/40 62/106/40
f 40/71/41 57/68/41 75/105/41 56/104/41
f 38/67/42 61/85/42 75/105/42 57/68/42
f 42/64/43 53/63/43 76/107/43 62/102/43
f 53/63/44 46/62/44 70/74/44 76/107/44
f 76/107/45 70/74/45 48/76/45 63/108/45
f 62/102/46 76/107/46 63/108/46 45/109/46
f 45/103/47 63/110/47 77/111/47 56/104/47
f 48/112/48 69/113/48 77/111/48 63/110/48
f 44/114/49 60/50/49 77/111/49 69/113/49
f 33/49/50 68/72/50 77/111/50 60/50/50
f 40/71/51 56/104/51 77/111/51 68/72/51
f 96/93/52 47/115/52 34/116/52 92/96/52 91/95/52 94/94/52
f 98/99/53 36/117/53 47/115/53 96/93/53 95/92/53 97/100/53
f 81/77/54 51/118/54 36/117/54 98/99/54 99/98/54 82/78/54
f 83/83/55 43/119/55 51/118/55 81/77/55 84/84/55
f 54/120/56 43/119/56 83/83/56 78/82/56 79/81/56 80/80/56 88/91/56
f 89/90/57 90/89/57 39/121/57 54/120/57 88/91/57
f 86/88/58 85/87/58 58/122/58 39/121/58 90/89/58
f 93/97/59 92/96/59 34/116/59 58/122/59 85/87/59 87/86/59
f 51/118/60 43/119/60 54/120/60 66/123/60
f 51/118/61 66/123/61 47/115/61 36/117/61
f 34/116/62 47/115/62 66/123/62 58/122/62
f 66/123/63 54/120/63 39/121/63 58/122/63
f 104/124/64 118/125/64 126/126/64 114/127/64
f 100/128/65 112/129/65 126/130/65 118/131/65
f 102/132/66 110/133/66 126/126/66 112/134/66
f 108/135/67 116/136/67 126/126/67 110/133/67
f 111/137/68 126/126/68 116/136/68 140/138/68 139/139/68 136/140/68 135/141/68 134/142/68 138/143/68 137/144/68
f 107/145/69 114/127/69 126/126/69 111/137/69
f 106/146/70 122/147/70 127/148/70 117/149/70
f 109/150/71 125/151/71 127/148/71 122/147/71
f 108/135/72 110/133/72 127/148/72 125/151/72
f 102/132/73 121/152/73 127/148/73 110/133/73
f 103/153/74 117/149/74 127/148/74 121/152/74
f 105/154/75 123/155/75 128/156/75 115/157/75
f 104/124/76 114/127/76 128/158/76 123/159/76
f 107/145/77 124/160/77 128/158/77 114/127/77
f 109/150/78 122/147/78 128/158/78 124/160/78
f 106/146/79 115/161/79 128/158/79 122/147/79
f 103/162/80 113/163/80 129/164/80 117/165/80
f 113/163/81 101/166/81 119/167/81 129/164/81
f 129/164/82 119/167/82 105/154/82 115/157/82
f 117/165/83 129/164/83 115/157/83 106/168/83
f 130/169/84 111/137/84 137/144/84 143/170/84 142/171/84 141/172/84
f 109/150/85 124/160/85 130/169/85 141/172/85 144/173/85 146/174/85 145/175/85
f 107/145/86 111/137/86 130/169/86 124/160/86
f 103/162/87 121/176/87 131/177/87 113/163/87
f 121/176/88 102/178/88 112/129/88 131/177/88
f 131/177/89 112/129/89 100/128/89 120/179/89
f 113/163/90 131/177/90 120/179/90 101/166/90
f 116/136/91 108/135/91 125/151/91 147/180/91 148/181/91 149/182/91 150/183/91
f 125/151/92 109/150/92 145/175/92 151/184/92 147/180/92
f 152/185/93 140/138/93 116/136/93 150/183/93
f 101/166/94 120/179/94 132/186/94 119/167/94
f 120/179/95 100/128/95 118/131/95 132/186/95
f 132/186/96 118/131/96 104/187/96 123/155/96
f 119/167/97 132/186/97 123/155/97 105/154/97
f 133/188/98 143/170/98 137/144/98 138/143/98 134/142/98
f 141/172/99 142/171/99 143/170/99 133/188/99 146/174/99 144/173/99
f 147/180/100 151/184/100 145/175/100 146/174/100 133/188/100 149/182/100 148/181/100
f 133/188/101 139/139/101 140/138/101 152/185/101 150/183/101 149/182/101
f 136/140/102 139/139/102 133/188/102 134/142/102 135/141/102
usemtl metallic_black
f 10/1/1 2/2/1 1/3/1 3/4/1 4/5/1 5/6/1 6/7/1 7/8/1 8/9/1 9/10/1
f 12/11/2 3/4/2 1/3/2 14/12/2 13/13/2
f 15/14/3 10/1/3 9/10/3 17/15/3 16/16/3
f 18/17/4 7/8/4 6/7/4 19/18/4
f 21/19/5 4/5/5 3/4/5 12/11/5 20/20/5
f 22/21/6 2/2/6 10/1/6 15/14/6
f 24/22/7 8/9/7 7/8/7 18/17/7 23/23/7
f 5/6/8 4/5/8 21/19/8 25/24/8 26/25/8
f 14/12/9 1/3/9 2/2/9 22/21/9 27/26/9
f 17/15/10 9/10/10 8/9/10 24/22/10 29/27/10 28/28/10
f 19/18/11 6/7/11 5/6/11 26/25/11 30/29/11 31/30/11
f 18/31/12 19/18/12 31/30/12 11/32/12 29/33/12 24/34/12 23/35/12
f 22/21/13 15/36/13 16/16/13 17/15/13 28/28/13 29/33/13 11/32/13 27/26/13
f 13/37/14 14/38/14 27/26/14 11/32/14 20/39/14 12/40/14
f 26/41/15 25/42/15 21/43/15 20/39/15 11/32/15 31/30/15 30/44/15
o star_face
v -0.037637 7.656145 -0.499999 1.0000 1.0000 1.0000
v -1.396437 2.585034 -0.499999 1.0000 1.0000 1.0000
v -0.037637 7.656145 0.500001 1.0000 1.0000 1.0000
v -1.396437 2.585035 0.500001 1.0000 1.0000 1.0000
v -1.003563 7.914964 -0.499999 1.0000 1.0000 1.0000
v -2.362363 2.843854 -0.499999 1.0000 1.0000 1.0000
v -1.003563 7.914964 0.500001 1.0000 1.0000 1.0000
v -2.362363 2.843854 0.500001 1.0000 1.0000 1.0000
v -1.520427 6.629952 0.666668 1.0000 1.0000 1.0000
v -0.232526 6.284861 -0.666666 1.0000 1.0000 1.0000
v -0.232526 6.284861 0.666668 1.0000 1.0000 1.0000
v -1.520427 6.629952 -0.666666 1.0000 1.0000 1.0000
v -0.879573 3.870047 -0.666665 1.0000 1.0000 1.0000
v -0.879574 3.870047 0.666668 1.0000 1.0000 1.0000
v -2.167475 4.215138 -0.666666 1.0000 1.0000 1.0000
v -2.167475 4.215138 0.666668 1.0000 1.0000 1.0000
v -2.489466 2.792836 0.000001 1.0000 1.0000 1.0000
v -1.900669 2.635068 -0.609567 1.0000 1.0000 1.0000
v -1.145599 2.987532 -0.638116 1.0000 1.0000 1.0000
v -1.254401 7.512467 0.638118 1.0000 1.0000 1.0000
v -1.145599 2.987532 0.638119 1.0000 1.0000 1.0000
v -2.378347 3.317845 -0.638116 1.0000 1.0000 1.0000
v -0.499331 7.864930 0.609569 1.0000 1.0000 1.0000
v 0.089466 7.707162 0.000001 1.0000 1.0000 1.0000
v -1.900669 2.635069 0.609569 1.0000 1.0000 1.0000
v -1.088129 8.022698 0.000001 1.0000 1.0000 1.0000
v -0.499331 7.864931 -0.609567 1.0000 1.0000 1.0000
v -1.311872 2.477301 0.000001 1.0000 1.0000 1.0000
v -1.843951 5.422545 0.666668 1.0000 1.0000 1.0000
v -0.021653 7.182153 -0.638116 1.0000 1.0000 1.0000
v -0.021653 7.182154 0.638118 1.0000 1.0000 1.0000
v -1.254401 7.512467 -0.638117 1.0000 1.0000 1.0000
v -0.876476 6.457407 -0.916666 1.0000 1.0000 1.0000
v 0.008956 6.220156 0.000001 1.0000 1.0000 1.0000
v -1.761908 6.694657 0.000001 1.0000 1.0000 1.0000
v -0.876476 6.457407 0.916668 1.0000 1.0000 1.0000
v -0.556049 5.077453 -0.666666 1.0000 1.0000 1.0000
v -0.556049 5.077453 0.666668 1.0000 1.0000 1.0000
v -1.843951 5.422545 -0.666666 1.0000 1.0000 1.0000
v -2.378347 3.317845 0.638119 1.0000 1.0000 1.0000
v -1.523524 4.042593 0.916668 1.0000 1.0000 1.0000
v -2.408956 4.279843 0.000001 1.0000 1.0000 1.0000
v -0.638092 3.805342 0.000001 1.0000 1.0000 1.0000
v -1.523524 4.042592 -0.916666 1.0000 1.0000 1.0000
v -0.454697 8.031508 0.000001 1.0000 1.0000 1.0000
v -0.635930 7.355136 0.878087 1.0000 1.0000 1.0000
v -1.484097 7.582402 0.000001 1.0000 1.0000 1.0000
v -1.945303 2.468491 0.000001 1.0000 1.0000 1.0000
v 0.212236 7.127871 0.000001 1.0000 1.0000 1.0000
v -0.635930 7.355136 -0.878086 1.0000 1.0000 1.0000
v -0.314568 5.012749 0.000001 1.0000 1.0000 1.0000
v -2.085432 5.487249 0.000001 1.0000 1.0000 1.0000
v -1.200000 5.249999 0.916668 1.0000 1.0000 1.0000
v -1.764070 3.144863 0.878088 1.0000 1.0000 1.0000
v -2.612236 3.372128 0.000001 1.0000 1.0000 1.0000
v -0.915904 2.917598 0.000001 1.0000 1.0000 1.0000
v -1.764070 3.144863 -0.878085 1.0000 1.0000 1.0000
v -1.200000 5.249999 -0.916666 1.0000 1.0000 1.0000
v 0.991660 7.959385 -0.500000 1.0000 1.0000 1.0000
v 2.374266 2.799433 -0.499999 1.0000 1.0000 1.0000
v 0.991660 7.959385 0.500001 1.0000 1.0000 1.0000
v 2.374266 2.799433 0.500001 1.0000 1.0000 1.0000
v 0.025735 7.700566 -0.500000 1.0000 1.0000 1.0000
v 1.408340 2.540614 -0.499999 1.0000 1.0000 1.0000
v 0.025735 7.700566 0.500001 1.0000 1.0000 1.0000
v 1.408340 2.540614 0.500001 1.0000 1.0000 1.0000
v 0.226858 6.306013 0.666667 1.0000 1.0000 1.0000
v 1.514759 6.651106 -0.666666 1.0000 1.0000 1.0000
v 1.514759 6.651106 0.666668 1.0000 1.0000 1.0000
v 0.226858 6.306013 -0.666666 1.0000 1.0000 1.0000
v 2.173143 4.193986 -0.666666 1.0000 1.0000 1.0000
v 2.173143 4.193986 0.666668 1.0000 1.0000 1.0000
v 0.885241 3.848893 -0.666666 1.0000 1.0000 1.0000
v 0.885241 3.848893 0.666668 1.0000 1.0000 1.0000
v 1.324147 2.431489 0.000001 1.0000 1.0000 1.0000
v 1.912944 2.589256 -0.609567 1.0000 1.0000 1.0000
v 2.388193 3.281102 -0.638116 1.0000 1.0000 1.0000
v 0.011808 7.218897 0.638118 1.0000 1.0000 1.0000
v 2.388192 3.281102 0.638119 1.0000 1.0000 1.0000
v 1.155445 2.950788 -0.638116 1.0000 1.0000 1.0000
v 0.487056 7.910742 0.609568 1.0000 1.0000 1.0000
v 1.075853 8.068510 0.000001 1.0000 1.0000 1.0000
v 1.912944 2.589257 0.609569 1.0000 1.0000 1.0000
v -0.101741 7.752975 0.000001 1.0000 1.0000 1.0000
v 0.487056 7.910743 -0.609567 1.0000 1.0000 1.0000
v 2.501742 2.747025 0.000001 1.0000 1.0000 1.0000
v 0.556049 5.077454 0.666668 1.0000 1.0000 1.0000
v 1.244556 7.549211 -0.638117 1.0000 1.0000 1.0000
v 1.244556 7.549211 0.638118 1.0000 1.0000 1.0000
v 0.011808 7.218897 -0.638116 1.0000 1.0000 1.0000
v 0.870808 6.478560 -0.916666 1.0000 1.0000 1.0000
v 1.756240 6.715811 0.000001 1.0000 1.0000 1.0000
v -0.014624 6.241308 0.000001 1.0000 1.0000 1.0000
v 0.870808 6.478560 0.916667 1.0000 1.0000 1.0000
v 1.843951 5.422546 -0.666666 1.0000 1.0000 1.0000
v 1.843951 5.422546 0.666668 1.0000 1.0000 1.0000
v 0.556049 5.077454 -0.666666 1.0000 1.0000 1.0000
v 1.155445 2.950788 0.638119 1.0000 1.0000 1.0000
v 1.529192 4.021440 0.916668 1.0000 1.0000 1.0000
v 0.643760 3.784188 0.000001 1.0000 1.0000 1.0000
v 2.414624 4.258691 0.000001 1.0000 1.0000 1.0000
v 1.529192 4.021440 -0.916666 1.0000 1.0000 1.0000
v 0.441640 8.080238 0.000000 1.0000 1.0000 1.0000
v 0.626048 7.392017 0.878087 1.0000 1.0000 1.0000
v -0.222118 7.164751 0.000001 1.0000 1.0000 1.0000
v 1.958361 2.419761 0.000001 1.0000 1.0000 1.0000
v 1.474215 7.619283 0.000001 1.0000 1.0000 1.0000
v 0.626048 7.392016 -0.878086 1.0000 1.0000 1.0000
v 2.085432 5.487249 0.000001 1.0000 1.0000 1.0000
v 0.314568 5.012749 0.000001 1.0000 1.0000 1.0000
v 1.200000 5.250000 0.916668 1.0000 1.0000 1.0000
v 1.773952 3.107982 0.878088 1.0000 1.0000 1.0000
v 0.925786 2.880717 0.000001 1.0000 1.0000 1.0000
v 2.622119 3.335248 0.000001 1.0000 1.0000 1.0000
v 1.773952 3.107983 -0.878085 1.0000 1.0000 1.0000
v 1.200000 5.250000 -0.916666 1.0000 1.0000 1.0000
v -1.050000 7.854999 0.500001 1.0000 1.0000 1.0000
v 0.991660 7.959385 -0.500000 1.0000 1.0000 1.0000
v -1.050000 8.604999 0.500001 1.0000 1.0000 1.0000
v 0.991660 7.959385 0.500001 1.0000 1.0000 1.0000
v -1.050000 8.604999 -0.499999 1.0000 1.0000 1.0000
v 0.025734 7.700566 -0.499999 1.0000 1.0000 1.0000
v -1.003563 7.914964 -0.500000 1.0000 1.0000 1.0000
v 1.050000 8.604999 0.500001 1.0000 1.0000 1.0000
v 0.025734 7.700566 0.500001 1.0000 1.0000 1.0000
v -1.003563 7.914964 0.500001 1.0000 1.0000 1.0000
v 1.050000 8.604999 -0.499999 1.0000 1.0000 1.0000
v 0.000000 7.729999 -0.666666 1.0000 1.0000 1.0000
v 0.000000 8.729999 -0.666666 1.0000 1.0000 1.0000
v 0.000000 7.729999 0.666667 1.0000 1.0000 1.0000
v 0.000000 8.729999 0.666667 1.0000 1.0000 1.0000
v -1.126698 8.229999 0.609569 1.0000 1.0000 1.0000
v -1.126698 8.687174 0.000001 1.0000 1.0000 1.0000
v -1.126698 8.229999 -0.609567 1.0000 1.0000 1.0000
v 0.655710 8.708587 -0.638116 1.0000 1.0000 1.0000
v 1.126698 8.229999 -0.609567 1.0000 1.0000 1.0000
v 1.126698 8.687174 0.000001 1.0000 1.0000 1.0000
v 1.126698 8.229999 0.609569 1.0000 1.0000 1.0000
v -0.499331 7.864930 0.609569 1.0000 1.0000 1.0000
v 0.487056 7.910742 0.609569 1.0000 1.0000 1.0000
v 1.075853 8.068510 0.000001 1.0000 1.0000 1.0000
v -0.655710 8.708587 0.638118 1.0000 1.0000 1.0000
v 0.487056 7.910742 -0.609567 1.0000 1.0000 1.0000
v -0.655710 8.708587 -0.638117 1.0000 1.0000 1.0000
v -1.088129 8.022697 0.000001 1.0000 1.0000 1.0000
v -0.499331 7.864930 -0.609567 1.0000 1.0000 1.0000
v 0.655710 8.708587 0.638118 1.0000 1.0000 1.0000
v 0.000000 8.917499 0.000000 1.0000 1.0000 1.0000
v 0.000000 8.229999 0.916667 1.0000 1.0000 1.0000
v 0.000000 8.229999 -0.916666 1.0000 1.0000 1.0000
v -1.287654 8.229999 0.000001 1.0000 1.0000 1.0000
v 0.663272 8.229999 -0.878086 1.0000 1.0000 1.0000
v 1.287654 8.229999 0.000001 1.0000 1.0000 1.0000
v -0.663272 8.229999 0.878087 1.0000 1.0000 1.0000
v -0.663272 8.888563 0.000000 1.0000 1.0000 1.0000
v 0.663272 8.888563 0.000000 1.0000 1.0000 1.0000
v 0.663272 8.229999 0.878087 1.0000 1.0000 1.0000
v -0.663272 8.229999 -0.878086 1.0000 1.0000 1.0000
v -0.454697 8.031507 0.000001 1.0000 1.0000 1.0000
v -1.131898 7.888386 0.167976 1.0000 1.0000 1.0000
v -1.051208 7.853704 0.492124 1.0000 1.0000 1.0000
v 0.441640 8.080238 0.000001 1.0000 1.0000 1.0000
v -1.179069 7.921576 0.000001 1.0000 1.0000 1.0000
v -1.126698 7.907402 -0.179438 1.0000 1.0000 1.0000
v -1.179069 7.921576 0.000001 1.0000 1.0000 1.0000
v -1.067178 7.870938 -0.433807 1.0000 1.0000 1.0000
v -1.050017 7.855080 -0.500023 1.0000 1.0000 1.0000
v -0.523674 7.774080 0.657421 1.0000 1.0000 1.0000
v -0.478284 7.745617 0.645843 1.0000 1.0000 1.0000
v -0.655872 7.761650 0.643252 1.0000 1.0000 1.0000
v -0.671899 7.767861 0.637137 1.0000 1.0000 1.0000
v -0.965706 7.857316 0.538934 1.0000 1.0000 1.0000
v -1.047845 7.854432 0.500756 1.0000 1.0000 1.0000
v -1.030750 7.871339 0.514971 1.0000 1.0000 1.0000
v -0.685958 7.759357 -0.627521 1.0000 1.0000 1.0000
v -0.729442 7.770782 -0.612289 1.0000 1.0000 1.0000
v -0.711625 7.765832 -0.617594 1.0000 1.0000 1.0000
v -0.019173 7.663556 -0.427365 1.0000 1.0000 1.0000
v -0.469290 7.745323 -0.646233 1.0000 1.0000 1.0000
v -0.121816 7.694212 -0.519977 1.0000 1.0000 1.0000
v -0.061682 7.677785 -0.471173 1.0000 1.0000 1.0000
v -0.019189 7.663549 0.427428 1.0000 1.0000 1.0000
v -0.121362 7.694006 0.519870 1.0000 1.0000 1.0000
v -0.407547 7.733737 0.615054 1.0000 1.0000 1.0000
v -1.032190 7.869029 -0.515762 1.0000 1.0000 1.0000
v -0.655729 7.752587 -0.638707 1.0000 1.0000 1.0000
v -0.523658 7.774141 -0.657387 1.0000 1.0000 1.0000
v 0.435346 7.744215 -0.647711 1.0000 1.0000 1.0000
v 0.517754 7.796174 -0.668874 1.0000 1.0000 1.0000
v 0.656205 7.782757 -0.653834 1.0000 1.0000 1.0000
v 0.705344 7.801846 -0.635108 1.0000 1.0000 1.0000
v 1.053489 7.872056 -0.504983 1.0000 1.0000 1.0000
v 1.032661 7.892886 -0.522392 1.0000 1.0000 1.0000
v 0.935309 7.871938 -0.558273 1.0000 1.0000 1.0000
v 1.062006 7.873944 -0.474739 1.0000 1.0000 1.0000
v 1.129601 7.903062 -0.203302 1.0000 1.0000 1.0000
v 1.186765 7.943436 0.000001 1.0000 1.0000 1.0000
v 1.186765 7.943436 0.000001 1.0000 1.0000 1.0000
v 1.126698 7.927176 0.205806 1.0000 1.0000 1.0000
v 1.078996 7.897831 0.409508 1.0000 1.0000 1.0000
v 1.054020 7.874654 0.505744 1.0000 1.0000 1.0000
v 0.015224 7.677844 -0.478796 1.0000 1.0000 1.0000
v 0.000000 7.664457 -0.433629 1.0000 1.0000 1.0000
v 0.364532 7.732377 -0.616928 1.0000 1.0000 1.0000
v 0.025298 7.685476 -0.504326 1.0000 1.0000 1.0000
v 0.418933 7.743679 0.648427 1.0000 1.0000 1.0000
v 0.047863 7.689192 0.513937 1.0000 1.0000 1.0000
v 0.025298 7.685476 0.504327 1.0000 1.0000 1.0000
v 0.000000 7.660381 0.419138 1.0000 1.0000 1.0000
v -0.011066 7.655548 -0.400187 1.0000 1.0000 1.0000
v -0.007617 7.653432 0.393249 1.0000 1.0000 1.0000
v 1.020667 7.883442 0.528678 1.0000 1.0000 1.0000
v 1.034455 7.889976 0.523373 1.0000 1.0000 1.0000
v 0.737216 7.791348 0.618997 1.0000 1.0000 1.0000
v 0.656054 7.773200 0.649043 1.0000 1.0000 1.0000
v 0.517724 7.796286 0.668817 1.0000 1.0000 1.0000
v -0.044865 7.787230 0.000001 1.0000 1.0000 1.0000
v -0.044865 7.787230 0.000001 1.0000 1.0000 1.0000
v -0.044568 7.768294 -0.059190 1.0000 1.0000 1.0000
v -0.050923 7.744779 -0.145341 1.0000 1.0000 1.0000
v -0.010567 7.667010 -0.393509 1.0000 1.0000 1.0000
v -0.020632 7.685764 -0.343208 1.0000 1.0000 1.0000
v -0.050181 7.731776 -0.202236 1.0000 1.0000 1.0000
v -0.008347 7.667901 0.384780 1.0000 1.0000 1.0000
v -0.043954 7.729217 0.226660 1.0000 1.0000 1.0000
v -1.742712 0.714670 -0.643105 1.0000 1.0000 1.0000
v -2.352232 -1.007171 -0.499998 1.0000 1.0000 1.0000
v -1.742712 0.714669 0.643108 1.0000 1.0000 1.0000
v -2.199119 -1.079697 0.851268 1.0000 1.0000 1.0000
v -2.985099 1.047566 -0.643105 1.0000 1.0000 1.0000
v -3.318158 -0.748352 -0.499998 1.0000 1.0000 1.0000
v -2.985098 1.047565 0.643108 1.0000 1.0000 1.0000
v -3.487020 -0.734605 0.851268 1.0000 1.0000 1.0000
v -1.468229 2.291978 0.500001 1.0000 1.0000 1.0000
v -2.434155 2.550797 0.500002 1.0000 1.0000 1.0000
v -1.468229 2.291978 -0.499998 1.0000 1.0000 1.0000
v -2.434154 2.550797 -0.499999 1.0000 1.0000 1.0000
v -1.940300 -0.113770 -0.666665 1.0000 1.0000 1.0000
v -3.322764 0.239020 0.892913 1.0000 1.0000 1.0000
v -1.854557 -0.154385 0.892913 1.0000 1.0000 1.0000
v -3.228201 0.231322 -0.666665 1.0000 1.0000 1.0000
v -2.158118 -0.282727 1.830702 1.0000 1.0000 1.0000
v -2.352232 -1.007172 1.830701 1.0000 1.0000 1.0000
v -3.318158 -0.748352 1.830701 1.0000 1.0000 1.0000
v -3.124043 -0.023908 1.830701 1.0000 1.0000 1.0000
v -2.705607 2.090642 -0.643105 1.0000 1.0000 1.0000
v -1.463221 1.757745 -0.643105 1.0000 1.0000 1.0000
v -1.463221 1.757746 0.643108 1.0000 1.0000 1.0000
v -2.705607 2.090642 0.643108 1.0000 1.0000 1.0000
v -2.108735 -0.742376 -0.666665 1.0000 1.0000 1.0000
v -1.786759 -0.828650 0.851268 1.0000 1.0000 1.0000
v -3.396636 -0.397285 -0.666665 1.0000 1.0000 1.0000
v -3.718611 -0.311012 0.851268 1.0000 1.0000 1.0000
v -2.108735 -0.742377 1.923001 1.0000 1.0000 1.0000
v -3.396636 -0.397285 1.923002 1.0000 1.0000 1.0000
v -1.665786 1.274850 -0.572425 1.0000 1.0000 1.0000
v -2.771629 1.571159 0.572428 1.0000 1.0000 1.0000
v -2.771629 1.571159 -0.572425 1.0000 1.0000 1.0000
v -1.665786 1.274850 0.572428 1.0000 1.0000 1.0000
v -3.458095 -0.736959 0.044681 1.0000 1.0000 1.0000
v -2.840372 -0.897081 -0.609566 1.0000 1.0000 1.0000
v -2.190753 -0.938167 -0.638116 1.0000 1.0000 1.0000
v -3.122129 0.654447 0.687414 1.0000 1.0000 1.0000
v -1.882469 -1.024855 0.851268 1.0000 1.0000 1.0000
v -3.423501 -0.607853 -0.638116 1.0000 1.0000 1.0000
v -2.363905 0.881117 0.884273 1.0000 1.0000 1.0000
v -1.509764 0.652250 0.000002 1.0000 1.0000 1.0000
v -2.854882 -0.951234 0.851268 1.0000 1.0000 1.0000
v -3.218046 1.109983 0.000001 1.0000 1.0000 1.0000
v -2.363905 0.881118 -0.884270 1.0000 1.0000 1.0000
v -2.225347 -1.067273 0.044681 1.0000 1.0000 1.0000
v -1.940597 2.460927 0.609569 1.0000 1.0000 1.0000
v -1.945303 2.468491 0.000002 1.0000 1.0000 1.0000
v -1.351799 2.303159 0.000002 1.0000 1.0000 1.0000
v -2.529394 2.618694 0.000001 1.0000 1.0000 1.0000
v -1.940597 2.460927 -0.609566 1.0000 1.0000 1.0000
v -2.617708 2.388028 -0.635171 1.0000 1.0000 1.0000
v -1.704261 1.028850 -0.598930 1.0000 1.0000 1.0000
v -1.390650 2.059239 0.635174 1.0000 1.0000 1.0000
v -2.861308 1.338880 0.598933 1.0000 1.0000 1.0000
v -1.830356 0.307924 -0.663720 1.0000 1.0000 1.0000
v -3.622155 -0.046554 0.855730 1.0000 1.0000 1.0000
v -1.820599 0.305702 0.687414 1.0000 1.0000 1.0000
v -3.112568 0.651492 -0.663720 1.0000 1.0000 1.0000
v -2.584251 0.058776 -0.916665 1.0000 1.0000 1.0000
v -1.682924 -0.184624 0.023693 1.0000 1.0000 1.0000
v -3.486522 0.298649 0.023693 1.0000 1.0000 1.0000
v -2.563514 0.136166 1.124081 1.0000 1.0000 1.0000
v -2.190753 -0.938168 1.907190 1.0000 1.0000 1.0000
v -2.840372 -0.897082 1.891380 1.0000 1.0000 1.0000
v -3.302279 -0.155448 1.907190 1.0000 1.0000 1.0000
v -2.632078 -0.119720 1.891380 1.0000 1.0000 1.0000
v -3.251745 0.071785 1.511576 1.0000 1.0000 1.0000
v -1.999679 -0.263705 1.511576 1.0000 1.0000 1.0000
v -3.458095 -0.736959 1.500170 1.0000 1.0000 1.0000
v -2.225347 -1.067273 1.500170 1.0000 1.0000 1.0000
v -2.734516 1.812073 -0.598930 1.0000 1.0000 1.0000
v -1.390650 2.059239 -0.635171 1.0000 1.0000 1.0000
v -1.577469 1.502044 0.598933 1.0000 1.0000 1.0000
v -2.617708 2.388028 0.635174 1.0000 1.0000 1.0000
v -1.230273 1.695327 0.000001 1.0000 1.0000 1.0000
v -2.938555 2.153060 0.000002 1.0000 1.0000 1.0000
v -2.084414 1.924193 0.884273 1.0000 1.0000 1.0000
v -2.084414 1.924193 -0.884270 1.0000 1.0000 1.0000
v -2.034788 -0.466402 -0.666665 1.0000 1.0000 1.0000
v -1.738063 -0.551394 0.855730 1.0000 1.0000 1.0000
v -3.322689 -0.121310 -0.666665 1.0000 1.0000 1.0000
v -3.733827 -0.528785 0.851268 1.0000 1.0000 1.0000
v -2.069531 -0.485762 1.907191 1.0000 1.0000 1.0000
v -3.423501 -0.607853 1.907191 1.0000 1.0000 1.0000
v -1.827006 -0.817866 1.512135 1.0000 1.0000 1.0000
v -3.678364 -0.321796 1.512135 1.0000 1.0000 1.0000
v -2.752685 -0.569831 2.061451 1.0000 1.0000 1.0000
v -3.678364 -0.321795 0.023076 1.0000 1.0000 1.0000
v -1.827006 -0.817865 0.023076 1.0000 1.0000 1.0000
v -2.752685 -0.569831 -0.916665 1.0000 1.0000 1.0000
v -1.577469 1.502044 -0.598930 1.0000 1.0000 1.0000
v -2.734516 1.812073 0.598933 1.0000 1.0000 1.0000
v -2.861308 1.338880 -0.598930 1.0000 1.0000 1.0000
v -1.704261 1.028850 0.598933 1.0000 1.0000 1.0000
v -2.218707 1.423005 -0.787085 1.0000 1.0000 1.0000
v -2.218707 1.423005 0.787088 1.0000 1.0000 1.0000
v -2.978974 1.626718 0.000001 1.0000 1.0000 1.0000
v -1.458440 1.219292 0.000001 1.0000 1.0000 1.0000
v -2.003135 2.227531 -0.874036 1.0000 1.0000 1.0000
v -2.469416 0.487344 0.937925 1.0000 1.0000 1.0000
v -3.355516 0.716117 0.004963 1.0000 1.0000 1.0000
v -2.853059 -0.944430 0.033879 1.0000 1.0000 1.0000
v -1.587645 0.242417 0.004963 1.0000 1.0000 1.0000
v -2.471462 0.479708 -0.912616 1.0000 1.0000 1.0000
v -2.003135 2.227531 0.874039 1.0000 1.0000 1.0000
v -2.847390 2.453750 0.000002 1.0000 1.0000 1.0000
v -1.158880 2.001314 0.000002 1.0000 1.0000 1.0000
v -2.678738 -0.293856 -0.916665 1.0000 1.0000 1.0000
v -1.757470 -0.541182 0.024192 1.0000 1.0000 1.0000
v -3.600242 -0.047412 0.024192 1.0000 1.0000 1.0000
v -2.604861 -0.018143 1.536161 1.0000 1.0000 1.0000
v -2.685018 -0.317292 2.040085 1.0000 1.0000 1.0000
v -3.694815 -0.538218 1.509143 1.0000 1.0000 1.0000
v -2.853059 -0.944430 1.506152 1.0000 1.0000 1.0000
v -1.794456 -0.551021 1.510259 1.0000 1.0000 1.0000
v -1.360523 1.443913 0.000001 1.0000 1.0000 1.0000
v -2.951462 1.870204 0.000001 1.0000 1.0000 1.0000
v -2.155993 1.657058 0.823532 1.0000 1.0000 1.0000
v -2.155993 1.657058 -0.823529 1.0000 1.0000 1.0000
v -1.920970 -1.013517 1.509144 1.0000 1.0000 1.0000
v -3.573131 -0.074426 1.510259 1.0000 1.0000 1.0000
v -2.807637 -0.774915 2.040086 1.0000 1.0000 1.0000
v -3.694815 -0.538217 0.028477 1.0000 1.0000 1.0000
v -1.920970 -1.013516 0.028478 1.0000 1.0000 1.0000
v -2.807637 -0.774914 -0.878085 1.0000 1.0000 1.0000
v -2.282785 1.183865 -0.823529 1.0000 1.0000 1.0000
v -2.282785 1.183865 0.823532 1.0000 1.0000 1.0000
v -3.078254 1.397010 0.000001 1.0000 1.0000 1.0000
v -1.487315 0.970719 0.000001 1.0000 1.0000 1.0000
v -1.925074 2.518861 -0.183974 1.0000 1.0000 1.0000
v -1.832702 2.495962 -0.095149 1.0000 1.0000 1.0000
v -1.747367 2.471244 0.000002 1.0000 1.0000 1.0000
v -1.747367 2.471244 0.000002 1.0000 1.0000 1.0000
v -2.111484 2.567542 0.000001 1.0000 1.0000 1.0000
v -2.111484 2.567542 0.000001 1.0000 1.0000 1.0000
v -2.028492 2.543363 -0.099731 1.0000 1.0000 1.0000
v -1.931673 2.519361 -0.186153 1.0000 1.0000 1.0000
v -2.021151 2.545278 0.099642 1.0000 1.0000 1.0000
v -1.931641 2.519480 0.186588 1.0000 1.0000 1.0000
v -1.925105 2.518743 0.184845 1.0000 1.0000 1.0000
v -1.833280 2.492277 0.102051 1.0000 1.0000 1.0000
v 2.985098 1.047565 -0.643105 1.0000 1.0000 1.0000
v 3.318158 -0.748352 -0.499998 1.0000 1.0000 1.0000
v 2.985098 1.047565 0.643108 1.0000 1.0000 1.0000
v 3.487020 -0.734603 0.851268 1.0000 1.0000 1.0000
v 1.742712 0.714670 -0.643105 1.0000 1.0000 1.0000
v 2.352232 -1.007171 -0.499998 1.0000 1.0000 1.0000
v 1.742712 0.714669 0.643108 1.0000 1.0000 1.0000
v 2.199119 -1.079695 0.851268 1.0000 1.0000 1.0000
v 2.434155 2.550797 0.500002 1.0000 1.0000 1.0000
v 1.468229 2.291977 0.500001 1.0000 1.0000 1.0000
v 2.434154 2.550797 -0.499999 1.0000 1.0000 1.0000
v 1.468229 2.291978 -0.499998 1.0000 1.0000 1.0000
v 3.228201 0.231322 -0.666665 1.0000 1.0000 1.0000
v 1.854557 -0.154383 0.892914 1.0000 1.0000 1.0000
v 3.322764 0.239022 0.892914 1.0000 1.0000 1.0000
v 1.940300 -0.113770 -0.666665 1.0000 1.0000 1.0000
v 3.124043 -0.023906 1.830702 1.0000 1.0000 1.0000
v 3.318158 -0.748350 1.830702 1.0000 1.0000 1.0000
v 2.352232 -1.007170 1.830702 1.0000 1.0000 1.0000
v 2.158118 -0.282725 1.830702 1.0000 1.0000 1.0000
v 1.463221 1.757746 -0.643105 1.0000 1.0000 1.0000
v 2.705607 2.090642 -0.643105 1.0000 1.0000 1.0000
v 2.705607 2.090642 0.643108 1.0000 1.0000 1.0000
v 1.463221 1.757745 0.643108 1.0000 1.0000 1.0000
v 3.396636 -0.397285 -0.666665 1.0000 1.0000 1.0000
v 3.718611 -0.311010 0.851268 1.0000 1.0000 1.0000
v 2.108734 -0.742376 -0.666665 1.0000 1.0000 1.0000
v 1.786759 -0.828649 0.851268 1.0000 1.0000 1.0000
v 3.396636 -0.397284 1.923002 1.0000 1.0000 1.0000
v 2.108735 -0.742375 1.923002 1.0000 1.0000 1.0000
v 2.771629 1.571159 -0.572425 1.0000 1.0000 1.0000
v 1.665786 1.274850 0.572428 1.0000 1.0000 1.0000
v 1.665786 1.274850 -0.572425 1.0000 1.0000 1.0000
v 2.771629 1.571159 0.572428 1.0000 1.0000 1.0000
v 2.225347 -1.067271 0.044682 1.0000 1.0000 1.0000
v 2.840372 -0.897081 -0.609566 1.0000 1.0000 1.0000
v 3.423501 -0.607853 -0.638116 1.0000 1.0000 1.0000
v 1.820599 0.305702 0.687414 1.0000 1.0000 1.0000
v 3.733827 -0.528783 0.851268 1.0000 1.0000 1.0000
v 2.190753 -0.938167 -0.638116 1.0000 1.0000 1.0000
v 2.363905 0.881117 0.884273 1.0000 1.0000 1.0000
v 3.218046 1.109983 0.000001 1.0000 1.0000 1.0000
v 2.854882 -0.951232 0.851268 1.0000 1.0000 1.0000
v 1.509764 0.652250 0.000002 1.0000 1.0000 1.0000
v 2.363905 0.881118 -0.884270 1.0000 1.0000 1.0000
v 3.458095 -0.736958 0.044682 1.0000 1.0000 1.0000
v 1.940597 2.460927 0.609569 1.0000 1.0000 1.0000
v 1.958361 2.419761 0.000002 1.0000 1.0000 1.0000
v 2.529394 2.618694 0.000001 1.0000 1.0000 1.0000
v 1.351799 2.303159 0.000002 1.0000 1.0000 1.0000
v 1.940597 2.460927 -0.609566 1.0000 1.0000 1.0000
v 1.390650 2.059239 -0.635171 1.0000 1.0000 1.0000
v 2.861308 1.338880 -0.598930 1.0000 1.0000 1.0000
v 2.617708 2.388028 0.635174 1.0000 1.0000 1.0000
v 1.704261 1.028850 0.598933 1.0000 1.0000 1.0000
v 3.112568 0.651492 -0.663720 1.0000 1.0000 1.0000
v 1.738063 -0.551393 0.855730 1.0000 1.0000 1.0000
v 3.122129 0.654447 0.687414 1.0000 1.0000 1.0000
v 1.830356 0.307924 -0.663720 1.0000 1.0000 1.0000
v 2.584251 0.058776 -0.916665 1.0000 1.0000 1.0000
v 3.486522 0.298649 0.023693 1.0000 1.0000 1.0000
v 1.682924 -0.184624 0.023693 1.0000 1.0000 1.0000
v 2.563514 0.136168 1.124081 1.0000 1.0000 1.0000
v 3.423501 -0.607851 1.907191 1.0000 1.0000 1.0000
v 2.840372 -0.897080 1.891380 1.0000 1.0000 1.0000
v 2.069531 -0.485760 1.907191 1.0000 1.0000 1.0000
v 2.632079 -0.119719 1.891380 1.0000 1.0000 1.0000
v 1.999679 -0.263703 1.511576 1.0000 1.0000 1.0000
v 3.251745 0.071787 1.511576 1.0000 1.0000 1.0000
v 2.225347 -1.067271 1.500170 1.0000 1.0000 1.0000
v 3.458095 -0.736958 1.500170 1.0000 1.0000 1.0000
v 1.577469 1.502043 -0.598930 1.0000 1.0000 1.0000
v 2.617708 2.388028 -0.635171 1.0000 1.0000 1.0000
v 2.734516 1.812073 0.598933 1.0000 1.0000 1.0000
v 1.390650 2.059239 0.635174 1.0000 1.0000 1.0000
v 2.938555 2.153060 0.000002 1.0000 1.0000 1.0000
v 1.230273 1.695327 0.000002 1.0000 1.0000 1.0000
v 2.084414 1.924193 0.884273 1.0000 1.0000 1.0000
v 2.084414 1.924193 -0.884270 1.0000 1.0000 1.0000
v 3.322688 -0.121310 -0.666665 1.0000 1.0000 1.0000
v 3.622155 -0.046552 0.855730 1.0000 1.0000 1.0000
v 2.034787 -0.466402 -0.666665 1.0000 1.0000 1.0000
v 1.882469 -1.024853 0.851268 1.0000 1.0000 1.0000
v 3.302279 -0.155446 1.907191 1.0000 1.0000 1.0000
v 2.190753 -0.938165 1.907191 1.0000 1.0000 1.0000
v 3.678364 -0.321795 1.512135 1.0000 1.0000 1.0000
v 1.827006 -0.817864 1.512135 1.0000 1.0000 1.0000
v 2.752686 -0.569829 2.061451 1.0000 1.0000 1.0000
v 1.827006 -0.817865 0.023077 1.0000 1.0000 1.0000
v 3.678364 -0.321795 0.023076 1.0000 1.0000 1.0000
v 2.752685 -0.569831 -0.916665 1.0000 1.0000 1.0000
v 2.734516 1.812073 -0.598930 1.0000 1.0000 1.0000
v 1.577469 1.502044 0.598933 1.0000 1.0000 1.0000
v 1.704261 1.028850 -0.598930 1.0000 1.0000 1.0000
v 2.861308 1.338880 0.598933 1.0000 1.0000 1.0000
v 2.218707 1.423005 -0.787085 1.0000 1.0000 1.0000
v 2.218707 1.423005 0.787088 1.0000 1.0000 1.0000
v 1.458440 1.219292 0.000001 1.0000 1.0000 1.0000
v 2.978974 1.626718 0.000001 1.0000 1.0000 1.0000
v 2.003135 2.227531 -0.874036 1.0000 1.0000 1.0000
v 2.469416 0.487344 0.937925 1.0000 1.0000 1.0000
v 1.587645 0.242417 0.004963 1.0000 1.0000 1.0000
v 2.853059 -0.944428 0.033879 1.0000 1.0000 1.0000
v 3.355516 0.716117 0.004963 1.0000 1.0000 1.0000
v 2.471462 0.479709 -0.912616 1.0000 1.0000 1.0000
v 2.003135 2.227531 0.874039 1.0000 1.0000 1.0000
v 1.158880 2.001314 0.000002 1.0000 1.0000 1.0000
v 2.847390 2.453750 0.000002 1.0000 1.0000 1.0000
v 2.678738 -0.293856 -0.916665 1.0000 1.0000 1.0000
v 3.600242 -0.047412 0.024192 1.0000 1.0000 1.0000
v 1.757470 -0.541182 0.024192 1.0000 1.0000 1.0000
v 2.604861 -0.018141 1.536161 1.0000 1.0000 1.0000
v 2.685018 -0.317290 2.040086 1.0000 1.0000 1.0000
v 1.920970 -1.013515 1.509144 1.0000 1.0000 1.0000
v 2.853059 -0.944428 1.506152 1.0000 1.0000 1.0000
v 3.573131 -0.074424 1.510259 1.0000 1.0000 1.0000
v 2.951462 1.870204 0.000002 1.0000 1.0000 1.0000
v 1.360523 1.443913 0.000001 1.0000 1.0000 1.0000
v 2.155993 1.657058 0.823532 1.0000 1.0000 1.0000
v 2.155993 1.657058 -0.823529 1.0000 1.0000 1.0000
v 3.694815 -0.538216 1.509144 1.0000 1.0000 1.0000
v 1.794456 -0.551019 1.510259 1.0000 1.0000 1.0000
v 2.807637 -0.774913 2.040086 1.0000 1.0000 1.0000
v 1.920970 -1.013516 0.028478 1.0000 1.0000 1.0000
v 3.694815 -0.538216 0.028478 1.0000 1.0000 1.0000
v 2.807637 -0.774914 -0.878085 1.0000 1.0000 1.0000
v 2.282785 1.183865 -0.823529 1.0000 1.0000 1.0000
v 2.282784 1.183865 0.823532 1.0000 1.0000 1.0000
v 1.487315 0.970719 0.000002 1.0000 1.0000 1.0000
v 3.078254 1.397010 0.000001 1.0000 1.0000 1.0000
v 1.935854 2.503757 -0.302083 1.0000 1.0000 1.0000
v 2.082709 2.546100 -0.159313 1.0000 1.0000 1.0000
v 1.929317 2.503026 -0.300299 1.0000 1.0000 1.0000
v 2.227263 2.581714 0.000001 1.0000 1.0000 1.0000
v 2.227263 2.581714 0.000001 1.0000 1.0000 1.0000
v 1.640060 2.425647 0.000002 1.0000 1.0000 1.0000
v 1.640060 2.425647 0.000002 1.0000 1.0000 1.0000
v 1.777987 2.459394 -0.163969 1.0000 1.0000 1.0000
v 1.779002 2.465908 0.154801 1.0000 1.0000 1.0000
v 1.929285 2.503144 0.299429 1.0000 1.0000 1.0000
v 2.092847 2.542531 0.161680 1.0000 1.0000 1.0000
v 1.935885 2.503639 0.301658 1.0000 1.0000 1.0000
v 5.099616 11.260000 0.300000 1.0000 1.0000 1.0000
v 1.599607 11.259999 0.300000 1.0000 1.0000 1.0000
v 5.099616 11.260000 -0.300000 1.0000 1.0000 1.0000
v 1.599607 11.259999 -0.300000 1.0000 1.0000 1.0000
v 5.099616 11.860000 0.300000 1.0000 1.0000 1.0000
v 5.099616 11.860000 -0.300000 1.0000 1.0000 1.0000
v 3.349063 11.160000 0.400000 1.0000 1.0000 1.0000
v 3.349063 11.160000 -0.400000 1.0000 1.0000 1.0000
v 3.349063 11.960000 -0.400000 1.0000 1.0000 1.0000
v 3.349063 11.960000 0.400000 1.0000 1.0000 1.0000
v 2.348847 11.160000 0.400000 1.0000 1.0000 1.0000
v 2.348847 11.160000 -0.400000 1.0000 1.0000 1.0000
v 2.348847 11.960000 -0.400000 1.0000 1.0000 1.0000
v 2.348847 11.960000 0.400000 1.0000 1.0000 1.0000
v 4.348870 11.160000 -0.400000 1.0000 1.0000 1.0000
v 4.348870 11.960000 -0.400000 1.0000 1.0000 1.0000
v 4.348870 11.960000 0.400000 1.0000 1.0000 1.0000
v 4.348870 11.160000 0.400000 1.0000 1.0000 1.0000
v 5.154484 11.194259 0.000000 1.0000 1.0000 1.0000
v 1.880852 11.177130 0.382871 1.0000 1.0000 1.0000
v 1.544909 11.194259 0.000000 1.0000 1.0000 1.0000
v 4.817598 11.177130 -0.382870 1.0000 1.0000 1.0000
v 5.154484 11.559999 -0.365740 1.0000 1.0000 1.0000
v 4.817598 11.942870 -0.382870 1.0000 1.0000 1.0000
v 5.154484 11.925740 0.000000 1.0000 1.0000 1.0000
v 1.592500 11.496888 0.170626 1.0000 1.0000 1.0000
v 4.817598 11.942870 0.382871 1.0000 1.0000 1.0000
v 5.154484 11.559999 0.365741 1.0000 1.0000 1.0000
v 3.848929 11.160000 0.400000 1.0000 1.0000 1.0000
v 2.848913 11.160000 -0.400000 1.0000 1.0000 1.0000
v 2.848913 11.960000 -0.400000 1.0000 1.0000 1.0000
v 2.848913 11.960000 0.400000 1.0000 1.0000 1.0000
v 1.930000 12.000000 0.080556 1.0000 1.0000 1.0000
v 3.349063 11.559999 0.550000 1.0000 1.0000 1.0000
v 3.349063 12.110000 0.000000 1.0000 1.0000 1.0000
v 3.349063 11.559999 -0.550000 1.0000 1.0000 1.0000
v 3.349063 11.010000 0.000000 1.0000 1.0000 1.0000
v 2.848913 11.160000 0.400000 1.0000 1.0000 1.0000
v 1.880852 11.177130 -0.382870 1.0000 1.0000 1.0000
v 2.348847 11.559999 0.550000 1.0000 1.0000 1.0000
v 2.348847 12.110000 0.000000 1.0000 1.0000 1.0000
v 2.348847 11.559999 -0.550000 1.0000 1.0000 1.0000
v 2.348847 11.009999 0.000000 1.0000 1.0000 1.0000
v 3.848929 11.160000 -0.400000 1.0000 1.0000 1.0000
v 3.848929 11.960000 -0.400000 1.0000 1.0000 1.0000
v 1.855000 11.729167 0.113507 1.0000 1.0000 1.0000
v 3.848929 11.960000 0.400000 1.0000 1.0000 1.0000
v 4.817598 11.177130 0.382871 1.0000 1.0000 1.0000
v 4.348870 11.010000 0.000000 1.0000 1.0000 1.0000
v 4.348870 11.559999 -0.550000 1.0000 1.0000 1.0000
v 4.348870 12.110000 0.000000 1.0000 1.0000 1.0000
v 4.348870 11.559999 0.550000 1.0000 1.0000 1.0000
v 1.875460 11.033148 0.000000 1.0000 1.0000 1.0000
v 1.875460 11.559999 -0.526852 1.0000 1.0000 1.0000
v 1.930000 11.875000 0.097709 1.0000 1.0000 1.0000
v 1.875460 11.559999 0.526852 1.0000 1.0000 1.0000
v 5.269630 11.559999 0.000000 1.0000 1.0000 1.0000
v 3.848929 11.559999 0.550000 1.0000 1.0000 1.0000
v 3.848929 12.110000 0.000000 1.0000 1.0000 1.0000
v 3.848929 11.559999 -0.550000 1.0000 1.0000 1.0000
v 3.848929 11.010000 0.000000 1.0000 1.0000 1.0000
v 2.848913 11.559999 0.550000 1.0000 1.0000 1.0000
v 2.848913 12.110000 0.000000 1.0000 1.0000 1.0000
v 2.848913 11.559999 -0.550000 1.0000 1.0000 1.0000
v 2.848913 11.010000 0.000000 1.0000 1.0000 1.0000
v 4.823008 11.033148 0.000000 1.0000 1.0000 1.0000
v 4.823008 11.559999 -0.526852 1.0000 1.0000 1.0000
v 4.823008 12.086852 0.000000 1.0000 1.0000 1.0000
v 4.823008 11.559999 0.526852 1.0000 1.0000 1.0000
v 1.529028 11.423859 -0.165651 1.0000 1.0000 1.0000
v 1.709861 11.619977 0.131400 1.0000 1.0000 1.0000
v 1.930000 12.062500 0.066562 1.0000 1.0000 1.0000
v 1.920625 11.809896 0.104762 1.0000 1.0000 1.0000
v 1.816354 11.729167 -0.354171 1.0000 1.0000 1.0000
v 1.930000 11.937500 0.090486 1.0000 1.0000 1.0000
v 1.889792 11.875000 -0.377109 1.0000 1.0000 1.0000
v 1.670695 11.612841 -0.319319 1.0000 1.0000 1.0000
v 1.880612 11.809896 -0.366869 1.0000 1.0000 1.0000
v 1.561604 11.540972 -0.366592 1.0000 1.0000 1.0000
v 1.550704 11.528214 -0.358775 1.0000 1.0000 1.0000
v 1.570501 11.552428 -0.375315 1.0000 1.0000 1.0000
v 1.573385 11.559999 -0.379620 1.0000 1.0000 1.0000
v 1.727497 11.702002 -0.410998 1.0000 1.0000 1.0000
v 1.614711 11.611812 -0.383804 1.0000 1.0000 1.0000
v 1.736916 11.710671 -0.412918 1.0000 1.0000 1.0000
v 1.759038 11.729166 -0.414863 1.0000 1.0000 1.0000
v 1.834839 11.809896 -0.414905 1.0000 1.0000 1.0000
v 1.880459 11.914938 -0.393374 1.0000 1.0000 1.0000
v 1.865817 11.875000 -0.402661 1.0000 1.0000 1.0000
v 1.862669 11.868896 -0.403710 1.0000 1.0000 1.0000
v 1.889792 11.934385 -0.386504 1.0000 1.0000 1.0000
v 1.890189 11.943212 -0.383212 1.0000 1.0000 1.0000
v 1.889931 11.937500 -0.385341 1.0000 1.0000 1.0000
v 1.918397 12.062500 -0.070376 1.0000 1.0000 1.0000
v 1.903506 12.000000 -0.234268 1.0000 1.0000 1.0000
v 1.924868 12.089268 0.000000 1.0000 1.0000 1.0000
v 1.918991 12.000000 0.236181 1.0000 1.0000 1.0000
v 1.929627 12.062500 0.071667 1.0000 1.0000 1.0000
v 1.930000 12.064620 0.066088 1.0000 1.0000 1.0000
v 1.909485 11.943918 0.383919 1.0000 1.0000 1.0000
v 1.898288 11.809896 0.433850 1.0000 1.0000 1.0000
v 1.878645 11.786181 0.441795 1.0000 1.0000 1.0000
v 1.909465 11.937500 0.386336 1.0000 1.0000 1.0000
v 1.908537 11.875000 0.409837 1.0000 1.0000 1.0000
v 1.690719 11.616529 0.415162 1.0000 1.0000 1.0000
v 1.638055 11.559999 0.411141 1.0000 1.0000 1.0000
v 1.764624 11.676126 0.428363 1.0000 1.0000 1.0000
v 1.833696 11.729167 0.441719 1.0000 1.0000 1.0000
v 1.625763 11.546248 0.400914 1.0000 1.0000 1.0000
v 1.563572 11.457640 0.343310 1.0000 1.0000 1.0000
v 1.566626 11.467386 0.347801 1.0000 1.0000 1.0000
v 1.544909 11.499443 -0.305183 1.0000 1.0000 1.0000
v 1.506045 11.318088 0.000000 1.0000 1.0000 1.0000
v 1.523751 11.403494 -0.141821 1.0000 1.0000 1.0000
v 1.526305 11.423426 -0.169891 1.0000 1.0000 1.0000
v 1.541611 11.358114 0.191669 1.0000 1.0000 1.0000
v 1.542235 11.361551 0.198448 1.0000 1.0000 1.0000
v -1.600000 11.259999 0.300000 1.0000 1.0000 1.0000
v -5.100000 11.260000 0.300000 1.0000 1.0000 1.0000
v -1.600000 11.259999 -0.300000 1.0000 1.0000 1.0000
v -5.100000 11.260000 -0.300000 1.0000 1.0000 1.0000
v -5.100000 11.860000 0.300000 1.0000 1.0000 1.0000
v -5.100000 11.860000 -0.300000 1.0000 1.0000 1.0000
v -3.350000 11.160000 0.400000 1.0000 1.0000 1.0000
v -3.350000 11.160000 -0.400000 1.0000 1.0000 1.0000
v -3.350000 11.959999 -0.400000 1.0000 1.0000 1.0000
v -3.350000 11.959999 0.400000 1.0000 1.0000 1.0000
v -2.350000 11.160000 -0.400000 1.0000 1.0000 1.0000
v -2.350000 11.959999 -0.400000 1.0000 1.0000 1.0000
v -2.350000 11.959999 0.400000 1.0000 1.0000 1.0000
v -2.350000 11.160000 0.400000 1.0000 1.0000 1.0000
v -4.350000 11.160000 0.400000 1.0000 1.0000 1.0000
v -4.350000 11.160000 -0.400000 1.0000 1.0000 1.0000
v -4.350000 11.960000 -0.400000 1.0000 1.0000 1.0000
v -4.350000 11.960000 0.400000 1.0000 1.0000 1.0000
v -1.545216 11.194259 0.000000 1.0000 1.0000 1.0000
v -4.818364 11.177130 0.382871 1.0000 1.0000 1.0000
v -5.154784 11.194260 0.000000 1.0000 1.0000 1.0000
v -1.881636 11.177129 -0.382870 1.0000 1.0000 1.0000
v -5.154784 11.559999 -0.365740 1.0000 1.0000 1.0000
v -1.592500 11.496888 0.170626 1.0000 1.0000 1.0000
v -5.154784 11.925741 0.000000 1.0000 1.0000 1.0000
v -5.154784 11.559999 0.365741 1.0000 1.0000 1.0000
v -2.850000 11.160000 0.400000 1.0000 1.0000 1.0000
v -3.850000 11.160000 -0.400000 1.0000 1.0000 1.0000
v -3.850000 11.960000 -0.400000 1.0000 1.0000 1.0000
v -3.850000 11.960000 0.400000 1.0000 1.0000 1.0000
v -3.350000 11.559999 0.550000 1.0000 1.0000 1.0000
v -1.930000 12.000000 0.080556 1.0000 1.0000 1.0000
v -3.350000 12.110000 0.000000 1.0000 1.0000 1.0000
v -3.350000 11.559999 -0.550000 1.0000 1.0000 1.0000
v -3.350000 11.010000 0.000000 1.0000 1.0000 1.0000
v -2.850000 11.160000 -0.400000 1.0000 1.0000 1.0000
v -2.850000 11.959999 -0.400000 1.0000 1.0000 1.0000
v -2.850000 11.959999 0.400000 1.0000 1.0000 1.0000
v -1.881636 11.177129 0.382871 1.0000 1.0000 1.0000
v -2.350000 11.009999 0.000000 1.0000 1.0000 1.0000
v -2.350000 11.559999 -0.550000 1.0000 1.0000 1.0000
v -2.350000 12.110000 0.000000 1.0000 1.0000 1.0000
v -2.350000 11.559999 0.550000 1.0000 1.0000 1.0000
v -3.850000 11.160000 0.400000 1.0000 1.0000 1.0000
v -4.818364 11.177130 -0.382870 1.0000 1.0000 1.0000
v -4.818364 11.942870 -0.382870 1.0000 1.0000 1.0000
v -4.818364 11.942870 0.382871 1.0000 1.0000 1.0000
v -1.855000 11.729166 0.113507 1.0000 1.0000 1.0000
v -4.350000 11.559999 0.550000 1.0000 1.0000 1.0000
v -4.350000 12.110000 0.000000 1.0000 1.0000 1.0000
v -4.350000 11.559999 -0.550000 1.0000 1.0000 1.0000
v -4.350000 11.010000 0.000000 1.0000 1.0000 1.0000
v -4.823765 11.033148 0.000000 1.0000 1.0000 1.0000
v -4.823765 11.559999 -0.526852 1.0000 1.0000 1.0000
v -4.823765 12.086851 0.000000 1.0000 1.0000 1.0000
v -4.823765 11.559999 0.526852 1.0000 1.0000 1.0000
v -1.930000 11.875000 0.097709 1.0000 1.0000 1.0000
v -5.269753 11.559999 0.000000 1.0000 1.0000 1.0000
v -2.850000 11.559999 0.550000 1.0000 1.0000 1.0000
v -2.850000 12.110000 0.000000 1.0000 1.0000 1.0000
v -2.850000 11.559999 -0.550000 1.0000 1.0000 1.0000
v -2.850000 11.009999 0.000000 1.0000 1.0000 1.0000
v -1.876234 11.033148 0.000000 1.0000 1.0000 1.0000
v -1.876234 11.559999 -0.526852 1.0000 1.0000 1.0000
v -1.876234 11.559999 0.526852 1.0000 1.0000 1.0000
v -3.850000 11.559999 0.550000 1.0000 1.0000 1.0000
v -3.850000 12.110000 0.000000 1.0000 1.0000 1.0000
v -3.850000 11.559999 -0.550000 1.0000 1.0000 1.0000
v -3.850000 11.010000 0.000000 1.0000 1.0000 1.0000
v -1.529028 11.423859 -0.165651 1.0000 1.0000 1.0000
v -1.709862 11.619977 0.131400 1.0000 1.0000 1.0000
v -1.930001 12.062500 0.066563 1.0000 1.0000 1.0000
v -1.920625 11.809896 0.104762 1.0000 1.0000 1.0000
v -1.816355 11.729166 -0.354171 1.0000 1.0000 1.0000
v -1.930000 11.937500 0.090486 1.0000 1.0000 1.0000
v -1.889792 11.875000 -0.377109 1.0000 1.0000 1.0000
v -1.670695 11.612841 -0.319319 1.0000 1.0000 1.0000
v -1.880612 11.809896 -0.366869 1.0000 1.0000 1.0000
v -1.517927 11.405045 -0.154955 1.0000 1.0000 1.0000
v -1.520875 11.422563 -0.178349 1.0000 1.0000 1.0000
v -1.522302 11.435322 -0.193096 1.0000 1.0000 1.0000
v -1.546529 11.552810 -0.364165 1.0000 1.0000 1.0000
v -1.515732 11.372544 -0.105605 1.0000 1.0000 1.0000
v -1.506180 11.318439 0.000000 1.0000 1.0000 1.0000
v -1.545216 11.371512 0.177254 1.0000 1.0000 1.0000
v -1.547439 11.374009 0.189258 1.0000 1.0000 1.0000
v -1.563789 11.458290 0.343453 1.0000 1.0000 1.0000
v -1.552523 11.559999 -0.369297 1.0000 1.0000 1.0000
v -1.889934 11.937500 -0.385311 1.0000 1.0000 1.0000
v -1.890192 11.943183 -0.383183 1.0000 1.0000 1.0000
v -1.889792 11.934337 -0.386496 1.0000 1.0000 1.0000
v -1.881259 11.916208 -0.392896 1.0000 1.0000 1.0000
v -1.645156 11.636634 -0.385038 1.0000 1.0000 1.0000
v -1.617211 11.611858 -0.380924 1.0000 1.0000 1.0000
v -1.765398 11.729166 -0.408128 1.0000 1.0000 1.0000
v -1.837373 11.809896 -0.412246 1.0000 1.0000 1.0000
v -1.841941 11.819142 -0.410929 1.0000 1.0000 1.0000
v -1.868694 11.879684 -0.400766 1.0000 1.0000 1.0000
v -1.866784 11.875000 -0.401631 1.0000 1.0000 1.0000
v -1.918420 12.062500 -0.070108 1.0000 1.0000 1.0000
v -1.924832 12.089226 0.000000 1.0000 1.0000 1.0000
v -1.903523 12.000000 -0.234069 1.0000 1.0000 1.0000
v -1.918988 12.000000 0.236231 1.0000 1.0000 1.0000
v -1.909564 11.943892 0.383892 1.0000 1.0000 1.0000
v -1.930001 12.064663 0.066078 1.0000 1.0000 1.0000
v -1.929620 12.062500 0.071768 1.0000 1.0000 1.0000
v -1.768558 11.676941 0.438425 1.0000 1.0000 1.0000
v -1.833490 11.729166 0.444886 1.0000 1.0000 1.0000
v -1.879430 11.786510 0.441671 1.0000 1.0000 1.0000
v -1.755865 11.666641 0.435419 1.0000 1.0000 1.0000
v -1.690458 11.616483 0.419034 1.0000 1.0000 1.0000
v -1.646369 11.559999 0.414973 1.0000 1.0000 1.0000
v -1.909469 11.937500 0.386284 1.0000 1.0000 1.0000
v -1.898292 11.809896 0.433782 1.0000 1.0000 1.0000
v -1.908543 11.875000 0.409755 1.0000 1.0000 1.0000
v -1.598033 11.499889 0.368430 1.0000 1.0000 1.0000
v -1.614024 11.516388 0.382531 1.0000 1.0000 1.0000
v -1.566712 11.467484 0.347212 1.0000 1.0000 1.0000
v 5.300000 11.059999 0.500000 1.0000 1.0000 1.0000
v 5.300000 12.059999 0.500000 1.0000 1.0000 1.0000
v 5.300000 11.059999 -0.500000 1.0000 1.0000 1.0000
v 5.300000 12.059999 -0.500000 1.0000 1.0000 1.0000
v 6.300000 11.059999 0.500000 1.0000 1.0000 1.0000
v 6.300000 12.059999 0.500000 1.0000 1.0000 1.0000
v 6.300000 11.059999 -0.500000 1.0000 1.0000 1.0000
v 6.300000 12.059999 -0.500000 1.0000 1.0000 1.0000
v 5.190433 10.950432 0.000000 1.0000 1.0000 1.0000
v 5.190433 11.559999 0.609568 1.0000 1.0000 1.0000
v 5.190433 12.169567 0.000000 1.0000 1.0000 1.0000
v 5.190432 11.559999 -0.609568 1.0000 1.0000 1.0000
v 5.800000 10.950431 -0.609568 1.0000 1.0000 1.0000
v 5.800000 12.169567 -0.609568 1.0000 1.0000 1.0000
v 6.409568 11.559999 -0.609568 1.0000 1.0000 1.0000
v 6.409568 10.950432 0.000000 1.0000 1.0000 1.0000
v 6.409568 12.169567 0.000000 1.0000 1.0000 1.0000
v 6.409568 11.559999 0.609568 1.0000 1.0000 1.0000
v 5.800000 10.950432 0.609568 1.0000 1.0000 1.0000
v 5.800000 12.169567 0.609568 1.0000 1.0000 1.0000
v 5.154484 11.194259 0.000000 1.0000 1.0000 1.0000
v 5.800000 11.559999 -0.839506 1.0000 1.0000 1.0000
v 6.639506 11.559999 0.000000 1.0000 1.0000 1.0000
v 5.800000 11.559999 0.839507 1.0000 1.0000 1.0000
v 5.800000 10.720493 0.000000 1.0000 1.0000 1.0000
v 5.154484 11.559999 -0.365740 1.0000 1.0000 1.0000
v 5.800000 12.399506 0.000000 1.0000 1.0000 1.0000
v 5.154484 11.925740 0.000000 1.0000 1.0000 1.0000
v 5.154484 11.559999 0.365741 1.0000 1.0000 1.0000
v 5.269630 11.559999 0.000000 1.0000 1.0000 1.0000
v 5.107138 11.559999 0.388754 1.0000 1.0000 1.0000
v 5.107138 11.559999 0.388754 1.0000 1.0000 1.0000
v 5.125981 11.316282 0.243718 1.0000 1.0000 1.0000
v 5.128996 11.420639 0.335202 1.0000 1.0000 1.0000
v 5.113353 11.513254 0.367832 1.0000 1.0000 1.0000
v 5.128996 11.224798 0.139361 1.0000 1.0000 1.0000
v 5.107138 11.171247 0.000000 1.0000 1.0000 1.0000
v 5.133022 11.677347 0.340026 1.0000 1.0000 1.0000
v 5.137024 11.793991 0.233991 1.0000 1.0000 1.0000
v 5.115788 11.927708 0.043978 1.0000 1.0000 1.0000
v 5.133022 11.900025 0.117347 1.0000 1.0000 1.0000
v 5.107138 11.948753 0.000000 1.0000 1.0000 1.0000
v 5.125981 11.803717 -0.243717 1.0000 1.0000 1.0000
v 5.128996 11.895202 -0.139360 1.0000 1.0000 1.0000
v 5.107138 11.948753 0.000000 1.0000 1.0000 1.0000
v 5.113353 11.606745 -0.367832 1.0000 1.0000 1.0000
v 5.128996 11.699360 -0.335202 1.0000 1.0000 1.0000
v 5.107138 11.559999 -0.388753 1.0000 1.0000 1.0000
v 5.107138 11.559999 -0.388753 1.0000 1.0000 1.0000
v 5.107138 11.171247 0.000000 1.0000 1.0000 1.0000
v 5.115788 11.192291 -0.043977 1.0000 1.0000 1.0000
v 5.133022 11.442653 -0.340026 1.0000 1.0000 1.0000
v 5.137024 11.326009 -0.233991 1.0000 1.0000 1.0000
v 5.133022 11.219974 -0.117347 1.0000 1.0000 1.0000
v -6.300000 11.059999 0.500000 1.0000 1.0000 1.0000
v -6.300000 12.059999 0.500000 1.0000 1.0000 1.0000
v -6.300000 11.059999 -0.500000 1.0000 1.0000 1.0000
v -6.300000 12.059999 -0.500000 1.0000 1.0000 1.0000
v -5.300000 11.059999 0.500000 1.0000 1.0000 1.0000
v -5.300000 12.059999 0.500000 1.0000 1.0000 1.0000
v -5.300000 11.059999 -0.500000 1.0000 1.0000 1.0000
v -5.300000 12.059999 -0.500000 1.0000 1.0000 1.0000
v -6.409568 10.950432 0.000000 1.0000 1.0000 1.0000
v -6.409568 11.559999 0.609568 1.0000 1.0000 1.0000
v -6.409568 12.169567 0.000000 1.0000 1.0000 1.0000
v -6.409568 11.559999 -0.609568 1.0000 1.0000 1.0000
v -5.800000 10.950432 -0.609568 1.0000 1.0000 1.0000
v -5.800000 12.169567 -0.609568 1.0000 1.0000 1.0000
v -5.190433 11.559999 -0.609568 1.0000 1.0000 1.0000
v -5.190433 10.950432 0.000000 1.0000 1.0000 1.0000
v -5.190433 12.169567 0.000000 1.0000 1.0000 1.0000
v -5.190432 11.559999 0.609568 1.0000 1.0000 1.0000
v -5.800000 10.950432 0.609568 1.0000 1.0000 1.0000
v -5.800000 12.169567 0.609568 1.0000 1.0000 1.0000
v -6.639506 11.559999 0.000000 1.0000 1.0000 1.0000
v -5.800000 11.559999 -0.839506 1.0000 1.0000 1.0000
v -5.154784 11.194259 0.000000 1.0000 1.0000 1.0000
v -5.800000 11.559999 0.839507 1.0000 1.0000 1.0000
v -5.800000 10.720493 0.000000 1.0000 1.0000 1.0000
v -5.154784 11.559999 -0.365740 1.0000 1.0000 1.0000
v -5.800000 12.399506 0.000000 1.0000 1.0000 1.0000
v -5.154784 11.925740 0.000000 1.0000 1.0000 1.0000
v -5.154784 11.559999 0.365741 1.0000 1.0000 1.0000
v -5.269753 11.559999 0.000000 1.0000 1.0000 1.0000
v -5.126184 11.315983 -0.244017 1.0000 1.0000 1.0000
v -5.129181 11.419795 -0.335017 1.0000 1.0000 1.0000
v -5.113448 11.512957 -0.367845 1.0000 1.0000 1.0000
v -5.107194 11.559999 -0.388903 1.0000 1.0000 1.0000
v -5.107194 11.559999 -0.388903 1.0000 1.0000 1.0000
v -5.129181 11.224983 -0.140204 1.0000 1.0000 1.0000
v -5.107194 11.171097 0.000000 1.0000 1.0000 1.0000
v -5.107194 11.171097 0.000000 1.0000 1.0000 1.0000
v -5.107194 11.948903 0.000000 1.0000 1.0000 1.0000
v -5.115898 11.927720 -0.044255 1.0000 1.0000 1.0000
v -5.107194 11.948903 0.000000 1.0000 1.0000 1.0000
v -5.133227 11.678044 -0.339873 1.0000 1.0000 1.0000
v -5.137211 11.794238 -0.234238 1.0000 1.0000 1.0000
v -5.133227 11.899873 -0.118044 1.0000 1.0000 1.0000
v -5.126184 11.804016 0.244017 1.0000 1.0000 1.0000
v -5.129181 11.895017 0.140205 1.0000 1.0000 1.0000
v -5.129181 11.700205 0.335017 1.0000 1.0000 1.0000
v -5.113448 11.607042 0.367846 1.0000 1.0000 1.0000
v -5.107194 11.559999 0.388904 1.0000 1.0000 1.0000
v -5.137211 11.325761 0.234239 1.0000 1.0000 1.0000
v -5.133227 11.441956 0.339873 1.0000 1.0000 1.0000
v -5.107194 11.559999 0.388904 1.0000 1.0000 1.0000
v -5.115898 11.192279 0.044256 1.0000 1.0000 1.0000
v -5.133227 11.220127 0.118045 1.0000 1.0000 1.0000
v -0.812083 8.989448 0.523113 1.0000 1.0000 1.0000
v -0.350000 12.399998 0.350000 1.0000 1.0000 1.0000
v -1.447500 12.437499 0.778646 1.0000 1.0000 1.0000
v -0.812083 8.994723 -0.296568 1.0000 1.0000 1.0000
v -0.350000 12.399998 -0.350000 1.0000 1.0000 1.0000
v -1.447500 12.437499 -0.734375 1.0000 1.0000 1.0000
v 0.350000 12.399998 0.350000 1.0000 1.0000 1.0000
v 0.812083 8.989448 0.523113 1.0000 1.0000 1.0000
v 1.447500 12.437499 0.778646 1.0000 1.0000 1.0000
v 0.812083 8.994723 -0.296568 1.0000 1.0000 1.0000
v 0.350000 12.399998 -0.350000 1.0000 1.0000 1.0000
v 1.447500 12.437499 -0.734375 1.0000 1.0000 1.0000
v 0.000000 8.828056 -0.435318 1.0000 1.0000 1.0000
v -0.426698 12.323300 0.000000 1.0000 1.0000 1.0000
v 0.000000 12.458332 -0.820833 1.0000 1.0000 1.0000
v 0.000000 8.817505 0.649045 1.0000 1.0000 1.0000
v 0.000000 12.458332 0.856250 1.0000 1.0000 1.0000
v -1.156945 10.357456 0.791508 1.0000 1.0000 1.0000
v 0.000000 12.323301 -0.426697 1.0000 1.0000 1.0000
v -1.156945 10.346905 -0.406906 1.0000 1.0000 1.0000
v 1.156945 10.346905 -0.406906 1.0000 1.0000 1.0000
v 1.156945 10.357456 0.791508 1.0000 1.0000 1.0000
v 0.426698 12.323300 0.000000 1.0000 1.0000 1.0000
v -0.000000 10.349159 1.097623 1.0000 1.0000 1.0000
v 0.000000 10.333332 -0.700000 1.0000 1.0000 1.0000
v -1.295834 11.390331 1.149658 1.0000 1.0000 1.0000
v 0.000000 12.323300 0.426698 1.0000 1.0000 1.0000
v -1.295834 11.386813 -0.528818 1.0000 1.0000 1.0000
v 1.295834 11.386813 -0.528818 1.0000 1.0000 1.0000
v 1.295833 11.390331 1.149658 1.0000 1.0000 1.0000
v 0.000000 11.380275 1.434069 1.0000 1.0000 1.0000
v 0.000000 11.374999 -0.712500 1.0000 1.0000 1.0000
v -1.608334 12.458332 0.005903 1.0000 1.0000 1.0000
v 0.000000 12.162344 0.000000 1.0000 1.0000 1.0000
v 1.608334 12.458332 0.005903 1.0000 1.0000 1.0000
v 1.592500 11.496887 0.170627 1.0000 1.0000 1.0000
v -1.592500 11.496887 0.170626 1.0000 1.0000 1.0000
v -1.608334 11.999999 1.111111 1.0000 1.0000 1.0000
v -1.608334 11.999998 -0.708333 1.0000 1.0000 1.0000
v 0.000000 8.917498 0.000000 1.0000 1.0000 1.0000
v 1.608333 11.999998 -0.708333 1.0000 1.0000 1.0000
v 1.608333 11.999999 1.111111 1.0000 1.0000 1.0000
v 0.000000 11.999999 1.333333 1.0000 1.0000 1.0000
v 0.000000 11.999999 -0.850000 1.0000 1.0000 1.0000
v 1.930000 11.999999 0.080556 1.0000 1.0000 1.0000
v -1.930000 12.000000 0.080556 1.0000 1.0000 1.0000
v -1.608334 12.270832 0.934896 1.0000 1.0000 1.0000
v -1.608334 12.270832 -0.776042 1.0000 1.0000 1.0000
v -0.663272 8.888562 0.000000 1.0000 1.0000 1.0000
v 0.663272 8.888562 0.000000 1.0000 1.0000 1.0000
v 1.608333 12.270832 -0.776042 1.0000 1.0000 1.0000
v 1.608333 12.270832 0.934896 1.0000 1.0000 1.0000
v 0.000000 12.270832 1.121875 1.0000 1.0000 1.0000
v 0.000000 12.270832 -0.931250 1.0000 1.0000 1.0000
v 1.930000 12.270832 0.031771 1.0000 1.0000 1.0000
v -1.930000 12.270832 0.031771 1.0000 1.0000 1.0000
v -1.545834 11.729166 -0.640625 1.0000 1.0000 1.0000
v 1.545833 11.729166 -0.640625 1.0000 1.0000 1.0000
v 1.545833 11.729166 1.208160 1.0000 1.0000 1.0000
v -0.000000 11.729166 1.449792 1.0000 1.0000 1.0000
v 0.000000 11.729166 -0.768750 1.0000 1.0000 1.0000
v 1.855000 11.729166 0.113507 1.0000 1.0000 1.0000
v -1.855000 11.729166 0.113507 1.0000 1.0000 1.0000
v -1.545834 11.729166 1.208160 1.0000 1.0000 1.0000
v -1.608334 11.874999 1.165625 1.0000 1.0000 1.0000
v -1.608334 11.874998 -0.677083 1.0000 1.0000 1.0000
v 1.608333 11.874998 -0.677083 1.0000 1.0000 1.0000
v 1.608333 11.874999 1.165625 1.0000 1.0000 1.0000
v 0.000000 11.874999 1.398750 1.0000 1.0000 1.0000
v 0.000000 11.874999 -0.812500 1.0000 1.0000 1.0000
v 1.930000 11.874999 0.097709 1.0000 1.0000 1.0000
v -1.930000 11.874999 0.097709 1.0000 1.0000 1.0000
v -1.608334 12.124998 -0.739583 1.0000 1.0000 1.0000
v 1.608333 12.124998 -0.739583 1.0000 1.0000 1.0000
v 1.608333 12.124999 1.002431 1.0000 1.0000 1.0000
v 0.000000 12.124999 1.202917 1.0000 1.0000 1.0000
v 0.000000 12.124999 -0.887500 1.0000 1.0000 1.0000
v 1.930000 12.124999 0.052570 1.0000 1.0000 1.0000
v -1.930000 12.124999 0.052570 1.0000 1.0000 1.0000
v -1.608334 12.124999 1.002431 1.0000 1.0000 1.0000
v -1.580784 12.454763 -0.460667 1.0000 1.0000 1.0000
v -0.996090 9.543327 -0.398742 1.0000 1.0000 1.0000
v -0.486611 8.856569 -0.411640 1.0000 1.0000 1.0000
v 0.903943 12.454763 -0.805980 1.0000 1.0000 1.0000
v 0.996090 9.543327 -0.398742 1.0000 1.0000 1.0000
v 1.580783 12.454763 0.481860 1.0000 1.0000 1.0000
v 0.996090 9.544304 0.673945 1.0000 1.0000 1.0000
v 0.486611 8.846994 0.627562 1.0000 1.0000 1.0000
v -0.903943 12.454763 0.843037 1.0000 1.0000 1.0000
v 0.486611 8.856569 -0.411640 1.0000 1.0000 1.0000
v -0.903943 12.454763 -0.805980 1.0000 1.0000 1.0000
v -0.486611 8.846994 0.627562 1.0000 1.0000 1.0000
v 0.903943 12.454763 0.843037 1.0000 1.0000 1.0000
v 0.000000 9.520832 0.942084 1.0000 1.0000 1.0000
v 0.000000 9.520173 -0.666914 1.0000 1.0000 1.0000
v -0.996090 9.544304 0.673945 1.0000 1.0000 1.0000
v -1.231597 10.990563 -0.417367 1.0000 1.0000 1.0000
v 1.231597 10.990563 -0.417367 1.0000 1.0000 1.0000
v 1.231597 11.000235 0.950708 1.0000 1.0000 1.0000
v 0.000000 10.978048 1.280929 1.0000 1.0000 1.0000
v -0.000000 10.963540 -0.701562 1.0000 1.0000 1.0000
v -0.665243 10.335029 -0.663363 1.0000 1.0000 1.0000
v 0.665243 10.350196 1.059359 1.0000 1.0000 1.0000
v -0.665243 10.350196 1.059359 1.0000 1.0000 1.0000
v 0.665243 10.335029 -0.663363 1.0000 1.0000 1.0000
v -1.231597 11.000235 0.950708 1.0000 1.0000 1.0000
v -1.420834 11.608246 -0.607118 1.0000 1.0000 1.0000
v 1.420833 11.608246 -0.607118 1.0000 1.0000 1.0000
v 1.420834 11.608686 1.223634 1.0000 1.0000 1.0000
v -0.000000 11.607430 1.475170 1.0000 1.0000 1.0000
v 0.000000 11.606770 -0.738281 1.0000 1.0000 1.0000
v -0.745104 11.376475 -0.689540 1.0000 1.0000 1.0000
v 0.745104 11.381532 1.398518 1.0000 1.0000 1.0000
v -0.745104 11.381532 1.398518 1.0000 1.0000 1.0000
v 1.529028 11.424517 0.605252 1.0000 1.0000 1.0000
v 0.745104 11.376475 -0.689539 1.0000 1.0000 1.0000
v -1.529028 11.423858 -0.165651 1.0000 1.0000 1.0000
v -0.848604 8.880783 0.109059 1.0000 1.0000 1.0000
v -1.580784 12.454763 0.481860 1.0000 1.0000 1.0000
v 0.848603 8.880783 0.109059 1.0000 1.0000 1.0000
v 1.580783 12.454763 -0.460667 1.0000 1.0000 1.0000
v 1.330486 10.365849 0.184163 1.0000 1.0000 1.0000
v -1.330486 10.365849 0.184163 1.0000 1.0000 1.0000
v 1.529028 11.423858 -0.165651 1.0000 1.0000 1.0000
v -1.529028 11.424517 0.605252 1.0000 1.0000 1.0000
v 0.924792 12.494791 0.000738 1.0000 1.0000 1.0000
v -0.924792 12.494791 0.000738 1.0000 1.0000 1.0000
v 1.709861 11.619976 0.131400 1.0000 1.0000 1.0000
v -1.709862 11.619976 0.131400 1.0000 1.0000 1.0000
v -1.608334 11.937499 1.145139 1.0000 1.0000 1.0000
v -1.608334 12.062498 -0.723958 1.0000 1.0000 1.0000
v 1.608333 12.062498 -0.723958 1.0000 1.0000 1.0000
v 1.608334 12.062499 1.056771 1.0000 1.0000 1.0000
v 0.000000 12.062499 1.268125 1.0000 1.0000 1.0000
v 0.000000 12.062499 -0.868750 1.0000 1.0000 1.0000
v 1.930000 12.062499 0.066563 1.0000 1.0000 1.0000
v -1.930001 12.062499 0.066563 1.0000 1.0000 1.0000
v -1.889792 12.000000 0.648959 1.0000 1.0000 1.0000
v 1.889792 12.000000 -0.397222 1.0000 1.0000 1.0000
v -0.924792 11.999999 -0.832291 1.0000 1.0000 1.0000
v 0.924792 12.000000 1.305556 1.0000 1.0000 1.0000
v -0.924792 11.999999 1.305556 1.0000 1.0000 1.0000
v 1.889792 12.000000 0.648959 1.0000 1.0000 1.0000
v 0.924792 11.999999 -0.832292 1.0000 1.0000 1.0000
v -1.889792 12.000000 -0.397222 1.0000 1.0000 1.0000
v -1.608334 12.190104 0.966775 1.0000 1.0000 1.0000
v -1.889792 12.270832 0.541537 1.0000 1.0000 1.0000
v 1.889792 12.270832 -0.442253 1.0000 1.0000 1.0000
v -0.924792 12.270832 -0.911849 1.0000 1.0000 1.0000
v 0.924792 12.270832 1.098503 1.0000 1.0000 1.0000
v -0.924792 12.270832 1.098503 1.0000 1.0000 1.0000
v 1.889792 12.270832 0.541537 1.0000 1.0000 1.0000
v 0.924792 12.270832 -0.911849 1.0000 1.0000 1.0000
v -1.889792 12.270832 -0.442253 1.0000 1.0000 1.0000
v -1.580784 12.369694 0.878410 1.0000 1.0000 1.0000
v -1.580784 12.369694 -0.786449 1.0000 1.0000 1.0000
v 1.580783 12.369694 -0.786449 1.0000 1.0000 1.0000
v 1.580783 12.369694 0.878410 1.0000 1.0000 1.0000
v 0.000000 12.372395 1.048828 1.0000 1.0000 1.0000
v 0.000000 12.372395 -0.940885 1.0000 1.0000 1.0000
v 1.889792 12.372395 0.017991 1.0000 1.0000 1.0000
v -1.889792 12.372395 0.017991 1.0000 1.0000 1.0000
v -1.600521 11.809895 -0.660807 1.0000 1.0000 1.0000
v 1.600521 11.809895 -0.660807 1.0000 1.0000 1.0000
v 1.600521 11.809895 1.184614 1.0000 1.0000 1.0000
v 0.000000 11.809895 1.421537 1.0000 1.0000 1.0000
v 0.000000 11.809895 -0.792969 1.0000 1.0000 1.0000
v 1.920625 11.809895 0.104762 1.0000 1.0000 1.0000
v -1.920625 11.809895 0.104762 1.0000 1.0000 1.0000
v -1.420834 11.608686 1.223634 1.0000 1.0000 1.0000
v -1.816355 11.729166 -0.354171 1.0000 1.0000 1.0000
v 0.888854 11.729166 -0.752734 1.0000 1.0000 1.0000
v 1.816354 11.729166 0.708881 1.0000 1.0000 1.0000
v -0.888854 11.729166 1.419588 1.0000 1.0000 1.0000
v 0.888854 11.729166 1.419588 1.0000 1.0000 1.0000
v -0.888854 11.729166 -0.752734 1.0000 1.0000 1.0000
v 1.816354 11.729166 -0.354171 1.0000 1.0000 1.0000
v -1.816355 11.729166 0.708881 1.0000 1.0000 1.0000
v -1.600521 11.809895 1.184614 1.0000 1.0000 1.0000
v -1.608334 11.937498 -0.692708 1.0000 1.0000 1.0000
v 1.608333 11.937498 -0.692708 1.0000 1.0000 1.0000
v 1.608334 11.937499 1.145139 1.0000 1.0000 1.0000
v 0.000000 11.937499 1.374167 1.0000 1.0000 1.0000
v 0.000000 11.937499 -0.831250 1.0000 1.0000 1.0000
v 1.930000 11.937499 0.090486 1.0000 1.0000 1.0000
v -1.930000 11.937499 0.090486 1.0000 1.0000 1.0000
v -1.889792 11.874999 -0.377109 1.0000 1.0000 1.0000
v 0.924792 11.874999 -0.795573 1.0000 1.0000 1.0000
v 1.889792 11.874999 0.682448 1.0000 1.0000 1.0000
v -0.924792 11.874999 1.369610 1.0000 1.0000 1.0000
v 0.924792 11.874999 1.369610 1.0000 1.0000 1.0000
v -0.924792 11.874999 -0.795573 1.0000 1.0000 1.0000
v 1.889792 11.874999 -0.377109 1.0000 1.0000 1.0000
v -1.889792 11.874999 0.682448 1.0000 1.0000 1.0000
v -1.608334 12.190104 -0.755859 1.0000 1.0000 1.0000
v 1.608333 12.190104 -0.755859 1.0000 1.0000 1.0000
v 1.608334 12.190104 0.966775 1.0000 1.0000 1.0000
v 0.000000 12.190104 1.160130 1.0000 1.0000 1.0000
v 0.000000 12.190104 -0.907031 1.0000 1.0000 1.0000
v 1.930000 12.190104 0.042183 1.0000 1.0000 1.0000
v -1.930000 12.190104 0.042183 1.0000 1.0000 1.0000
v -1.608334 12.062499 1.056771 1.0000 1.0000 1.0000
v -1.889792 12.124999 -0.418689 1.0000 1.0000 1.0000
v 0.924792 12.124998 -0.869010 1.0000 1.0000 1.0000
v 1.889792 12.124999 0.582969 1.0000 1.0000 1.0000
v -0.924792 12.124999 1.177856 1.0000 1.0000 1.0000
v 0.924792 12.124999 1.177856 1.0000 1.0000 1.0000
v -0.924792 12.124999 -0.869010 1.0000 1.0000 1.0000
v 1.889792 12.124999 -0.418689 1.0000 1.0000 1.0000
v -1.889792 12.124999 0.582969 1.0000 1.0000 1.0000
v -1.851073 12.371719 -0.455697 1.0000 1.0000 1.0000
v 0.919580 12.371719 -0.921444 1.0000 1.0000 1.0000
v 1.851073 12.371720 0.512420 1.0000 1.0000 1.0000
v -0.919580 12.489776 0.480643 1.0000 1.0000 1.0000
v 0.919580 12.489776 0.480643 1.0000 1.0000 1.0000
v -0.919580 12.371720 1.027640 1.0000 1.0000 1.0000
v 0.919580 12.371719 1.027640 1.0000 1.0000 1.0000
v -0.576184 9.525777 -0.633290 1.0000 1.0000 1.0000
v 0.576184 9.526543 0.908672 1.0000 1.0000 1.0000
v -0.576184 9.526543 0.908672 1.0000 1.0000 1.0000
v 0.576184 9.525777 -0.633290 1.0000 1.0000 1.0000
v 1.139451 9.534552 0.136169 1.0000 1.0000 1.0000
v -0.708169 10.966918 -0.666038 1.0000 1.0000 1.0000
v 0.708169 10.980822 1.239651 1.0000 1.0000 1.0000
v -0.708169 10.980822 1.239651 1.0000 1.0000 1.0000
v -1.139451 9.534552 0.136169 1.0000 1.0000 1.0000
v 0.708169 10.966918 -0.666038 1.0000 1.0000 1.0000
v 1.440663 11.082833 0.233409 1.0000 1.0000 1.0000
v 0.919580 12.489775 -0.474146 1.0000 1.0000 1.0000
v -0.919580 12.489776 -0.474146 1.0000 1.0000 1.0000
v -0.919580 12.371719 -0.921444 1.0000 1.0000 1.0000
v 1.851073 12.371719 -0.455697 1.0000 1.0000 1.0000
v -1.440663 11.082833 0.233409 1.0000 1.0000 1.0000
v -1.889792 11.937499 0.669766 1.0000 1.0000 1.0000
v 1.889792 11.937499 -0.386996 1.0000 1.0000 1.0000
v -0.924792 11.937499 -0.813932 1.0000 1.0000 1.0000
v 0.924792 11.937499 1.345538 1.0000 1.0000 1.0000
v -0.924792 11.937499 1.345538 1.0000 1.0000 1.0000
v 1.889792 11.937499 0.669766 1.0000 1.0000 1.0000
v 0.924792 11.937499 -0.813932 1.0000 1.0000 1.0000
v -1.889792 11.937499 -0.386996 1.0000 1.0000 1.0000
v -1.889792 12.190104 0.561169 1.0000 1.0000 1.0000
v 1.889792 12.190104 -0.429346 1.0000 1.0000 1.0000
v -0.924792 12.190103 -0.888135 1.0000 1.0000 1.0000
v 0.924792 12.190104 1.135961 1.0000 1.0000 1.0000
v -0.924792 12.190104 1.135961 1.0000 1.0000 1.0000
v 1.889792 12.190104 0.561169 1.0000 1.0000 1.0000
v 0.924792 12.190103 -0.888135 1.0000 1.0000 1.0000
v -1.889792 12.190104 -0.429346 1.0000 1.0000 1.0000
v -1.670695 11.612841 -0.319319 1.0000 1.0000 1.0000
v 0.816979 11.606955 -0.721886 1.0000 1.0000 1.0000
v 1.670695 11.612923 0.711986 1.0000 1.0000 1.0000
v -0.816979 11.607587 1.443728 1.0000 1.0000 1.0000
v 0.816979 11.607587 1.443728 1.0000 1.0000 1.0000
v -0.816979 11.606955 -0.721886 1.0000 1.0000 1.0000
v 1.670695 11.612841 -0.319319 1.0000 1.0000 1.0000
v -1.670695 11.612923 0.711986 1.0000 1.0000 1.0000
v -1.880612 11.809895 -0.366869 1.0000 1.0000 1.0000
v 0.920300 11.809895 -0.776448 1.0000 1.0000 1.0000
v 1.880612 11.809895 0.694248 1.0000 1.0000 1.0000
v -0.920300 11.809895 1.391922 1.0000 1.0000 1.0000
v 0.920300 11.809895 1.391922 1.0000 1.0000 1.0000
v -0.920300 11.809895 -0.776448 1.0000 1.0000 1.0000
v 1.880612 11.809895 -0.366869 1.0000 1.0000 1.0000
v -1.880612 11.809895 0.694248 1.0000 1.0000 1.0000
v -1.889792 12.062499 -0.407956 1.0000 1.0000 1.0000
v 0.924792 12.062498 -0.850651 1.0000 1.0000 1.0000
v 1.889792 12.062499 0.615964 1.0000 1.0000 1.0000
v -0.924792 12.062499 1.241706 1.0000 1.0000 1.0000
v 0.924792 12.062499 1.241706 1.0000 1.0000 1.0000
v -0.924792 12.062499 -0.850651 1.0000 1.0000 1.0000
v 1.889792 12.062499 -0.407956 1.0000 1.0000 1.0000
v -1.889792 12.062499 0.615964 1.0000 1.0000 1.0000
v -1.851073 12.371719 0.512419 1.0000 1.0000 1.0000
v 0.481789 8.808219 -0.312359 1.0000 1.0000 1.0000
v 0.000000 8.807146 -0.392360 1.0000 1.0000 1.0000
v 0.661779 8.853039 -0.125952 1.0000 1.0000 1.0000
v 0.757898 8.816815 0.106638 1.0000 1.0000 1.0000
v 0.742625 8.854078 0.000000 1.0000 1.0000 1.0000
v 0.708185 8.855630 -0.058068 1.0000 1.0000 1.0000
v 0.639089 8.801058 0.313513 1.0000 1.0000 1.0000
v 0.659857 8.807301 0.288119 1.0000 1.0000 1.0000
v 0.478476 8.768574 0.454027 1.0000 1.0000 1.0000
v 0.000000 8.766675 0.536259 1.0000 1.0000 1.0000
v -0.674651 8.842990 -0.141463 1.0000 1.0000 1.0000
v -0.661380 8.843538 -0.159636 1.0000 1.0000 1.0000
v -0.481804 8.808369 -0.312666 1.0000 1.0000 1.0000
v -0.752513 8.849781 0.000001 1.0000 1.0000 1.0000
v -0.763126 8.820501 0.106777 1.0000 1.0000 1.0000
v 0.000000 8.807146 -0.392360 1.0000 1.0000 1.0000
v -0.000000 8.766675 0.536259 1.0000 1.0000 1.0000
v -0.478461 8.768427 0.453702 1.0000 1.0000 1.0000
v -0.755754 8.820751 0.119570 1.0000 1.0000 1.0000
v -0.660158 8.814453 0.262758 1.0000 1.0000 1.0000
v -0.492187 12.497227 0.000393 1.0000 1.0000 1.0000
v -0.370592 12.493968 0.370592 1.0000 1.0000 1.0000
v -0.414491 12.494976 0.255022 1.0000 1.0000 1.0000
v -0.171152 12.494452 0.426698 1.0000 1.0000 1.0000
v -0.024764 12.494656 0.481994 1.0000 1.0000 1.0000
v 0.000000 12.493912 0.491055 1.0000 1.0000 1.0000
v 0.000000 12.493912 0.491055 1.0000 1.0000 1.0000
v 0.492157 12.497227 0.000393 1.0000 1.0000 1.0000
v 0.426698 12.495736 0.172436 1.0000 1.0000 1.0000
v 0.030942 12.494622 0.481985 1.0000 1.0000 1.0000
v 0.255891 12.494107 0.413901 1.0000 1.0000 1.0000
v 0.370585 12.493935 0.370585 1.0000 1.0000 1.0000
v 0.000000 12.493383 -0.490855 1.0000 1.0000 1.0000
v 0.000000 12.493383 -0.490855 1.0000 1.0000 1.0000
v 0.036702 12.494591 -0.477466 1.0000 1.0000 1.0000
v 0.171105 12.494406 -0.426697 1.0000 1.0000 1.0000
v 0.414467 12.494940 -0.255058 1.0000 1.0000 1.0000
v 0.370582 12.493921 -0.370582 1.0000 1.0000 1.0000
v 0.492303 12.497222 0.000000 1.0000 1.0000 1.0000
v -0.045926 12.494540 -0.477431 1.0000 1.0000 1.0000
v -0.255936 12.494061 -0.413870 1.0000 1.0000 1.0000
v -0.370575 12.493892 -0.370575 1.0000 1.0000 1.0000
v -0.492303 12.497222 0.000000 1.0000 1.0000 1.0000
v -0.426698 12.495712 -0.172411 1.0000 1.0000 1.0000
v -0.350000 12.399999 0.350000 1.0000 1.0000 1.0000
v -0.350000 13.099999 0.350000 1.0000 1.0000 1.0000
v -0.350000 12.399999 -0.350000 1.0000 1.0000 1.0000
v -0.350000 13.099999 -0.350000 1.0000 1.0000 1.0000
v 0.350000 12.399999 0.350000 1.0000 1.0000 1.0000
v 0.350000 13.099998 0.350000 1.0000 1.0000 1.0000
v 0.350000 12.399999 -0.350000 1.0000 1.0000 1.0000
v 0.350000 13.099998 -0.350000 1.0000 1.0000 1.0000
v -0.426698 12.323301 0.000000 1.0000 1.0000 1.0000
v -0.426698 12.749999 0.426698 1.0000 1.0000 1.0000
v -0.426698 13.176697 0.000000 1.0000 1.0000 1.0000
v -0.426698 12.749999 -0.426697 1.0000 1.0000 1.0000
v 0.000000 12.323301 -0.426697 1.0000 1.0000 1.0000
v -0.000000 13.176697 -0.426697 1.0000 1.0000 1.0000
v 0.426698 12.749999 -0.426697 1.0000 1.0000 1.0000
v 0.426698 12.323301 0.000000 1.0000 1.0000 1.0000
v 0.426698 13.176697 0.000000 1.0000 1.0000 1.0000
v 0.426698 12.749999 0.426698 1.0000 1.0000 1.0000
v -0.000000 12.323301 0.426698 1.0000 1.0000 1.0000
v -0.000000 13.176697 0.426698 1.0000 1.0000 1.0000
v -0.587654 12.749999 0.000000 1.0000 1.0000 1.0000
v 0.000000 12.749999 -0.587654 1.0000 1.0000 1.0000
v 0.587654 12.749999 0.000000 1.0000 1.0000 1.0000
v -0.000000 12.749999 0.587655 1.0000 1.0000 1.0000
v 0.000000 12.162345 0.000000 1.0000 1.0000 1.0000
v -0.000000 13.337653 0.000000 1.0000 1.0000 1.0000
vn 0.4749 0.8468 -0.2396
vn 0.0121 0.9708 -0.2396
vn 0.0121 0.9708 0.2396
vn 0.4749 0.8468 0.2396
vn 0.3497 -0.0530 0.9354
vn 0.3915 0.3101 0.8664
vn -0.1840 0.4643 0.8664
vn -0.3293 0.1290 0.9354
vn -0.8933 0.2801 0.3515
vn -0.7331 0.6114 0.2979
vn -0.7331 0.6114 -0.2979
vn -0.8933 0.2801 -0.3515
vn -0.4749 -0.8468 -0.2396
vn -0.0121 -0.9708 -0.2396
vn -0.0121 -0.9708 0.2396
vn -0.4749 -0.8468 0.2396
vn 0.9137 -0.2041 -0.3515
vn 0.9406 0.1630 -0.2979
vn 0.9406 0.1630 0.2979
vn 0.9137 -0.2041 0.3515
vn -0.3293 0.1290 -0.9354
vn -0.1840 0.4643 -0.8664
vn 0.3915 0.3101 -0.8664
vn 0.3497 -0.0530 -0.9354
vn 0.9044 -0.2423 -0.3511
vn 0.9044 -0.2423 0.3511
vn -0.9044 0.2423 0.3511
vn -0.9044 0.2423 -0.3511
vn 0.3392 -0.0909 0.9363
vn -0.3392 0.0909 0.9363
vn 0.1840 -0.4643 0.8664
vn 0.3293 -0.1290 0.9354
vn -0.3497 0.0530 0.9354
vn -0.3915 -0.3101 0.8664
vn -0.9406 -0.1630 0.2979
vn -0.9137 0.2041 0.3515
vn -0.9137 0.2041 -0.3515
vn -0.9406 -0.1630 -0.2979
vn 0.7331 -0.6114 -0.2979
vn 0.8933 -0.2801 -0.3515
vn 0.8933 -0.2801 0.3515
vn 0.7331 -0.6114 0.2979
vn -0.3915 -0.3101 -0.8664
vn -0.3497 0.0530 -0.9354
vn 0.3293 -0.1290 -0.9354
vn 0.1840 -0.4643 -0.8664
vn -0.3392 0.0909 -0.9363
vn 0.3392 -0.0909 -0.9363
vn -0.0080 0.9699 -0.2433
vn -0.4780 0.8440 -0.2433
vn -0.4780 0.8440 0.2433
vn -0.0080 0.9699 0.2433
vn 0.3295 0.1283 0.9354
vn 0.1863 0.4589 0.8687
vn -0.3908 0.3043 0.8687
vn -0.3495 -0.0536 0.9354
vn -0.9135 -0.2047 0.3515
vn -0.9414 0.1567 0.2987
vn -0.9414 0.1567 -0.2987
vn -0.9135 -0.2047 -0.3515
vn 0.0080 -0.9699 -0.2433
vn 0.4780 -0.8440 -0.2433
vn 0.4780 -0.8440 0.2433
vn 0.0080 -0.9699 0.2433
vn 0.8935 0.2795 -0.3515
vn 0.7369 0.6064 -0.2987
vn 0.7369 0.6064 0.2987
vn 0.8935 0.2795 0.3515
vn -0.3495 -0.0536 -0.9354
vn -0.3908 0.3043 -0.8687
vn 0.1863 0.4589 -0.8687
vn 0.3295 0.1283 -0.9354
vn 0.9044 0.2423 -0.3511
vn 0.9044 0.2423 0.3511
vn -0.9044 -0.2423 0.3511
vn -0.9044 -0.2423 -0.3511
vn 0.3392 0.0909 0.9363
vn -0.3392 -0.0909 0.9363
vn 0.3908 -0.3043 0.8687
vn 0.3495 0.0536 0.9354
vn -0.3295 -0.1283 0.9354
vn -0.1863 -0.4589 0.8687
vn -0.7369 -0.6064 0.2987
vn -0.8935 -0.2795 0.3515
vn -0.8935 -0.2795 -0.3515
vn -0.7369 -0.6064 -0.2987
vn 0.9414 -0.1567 -0.2987
vn 0.9135 0.2047 -0.3515
vn 0.9135 0.2047 0.3515
vn 0.9414 -0.1567 0.2987
vn -0.1863 -0.4589 -0.8687
vn -0.3295 -0.1283 -0.9354
vn 0.3495 0.0536 -0.9354
vn 0.3908 -0.3043 -0.8687
vn -0.3392 -0.0909 -0.9363
vn 0.3392 0.0909 -0.9363
vn -0.9304 -0.2891 0.2254
vn -0.9297 0.2946 0.2210
vn -0.9297 0.2946 -0.2210
vn -0.9276 -0.2989 -0.2242
vn 0.0527 -0.4474 -0.8928
vn 0.0527 0.4474 -0.8928
vn 0.4335 0.3778 -0.8181
vn 0.4373 -0.3818 -0.8142
vn 0.9306 -0.2872 -0.2270
vn 0.9297 0.2946 -0.2210
vn 0.9297 0.2946 0.2210
vn 0.9269 -0.3003 0.2252
vn -0.0527 -0.4474 0.8928
vn -0.0527 0.4474 0.8928
vn -0.4335 0.3778 0.8181
vn -0.4352 -0.3796 0.8164
vn 0.0432 -0.9618 -0.2705
vn 0.0432 -0.9618 0.2705
vn -0.0426 0.9616 -0.2711
vn -0.3590 0.9034 -0.2347
vn -0.3590 0.9034 0.2347
vn -0.0426 0.9616 0.2711
vn 0.3590 0.9034 -0.2347
vn 0.0426 0.9616 -0.2711
vn 0.0426 0.9616 0.2711
vn 0.3590 0.9034 0.2347
vn -0.3295 -0.9077 -0.2599
vn -0.0432 -0.9618 -0.2705
vn -0.0428 -0.9616 0.2712
vn -0.3141 -0.9279 0.2007
vn 0.4355 -0.3757 0.8181
vn 0.4335 0.3778 0.8181
vn 0.0527 0.4474 0.8928
vn 0.0527 -0.4474 0.8928
vn -0.4341 -0.3771 -0.8181
vn -0.4335 0.3778 -0.8181
vn -0.0527 0.4474 -0.8928
vn -0.0527 -0.4474 -0.8928
vn -0.4762 -0.8454 0.2421
vn -0.4721 -0.8473 -0.2433
vn -0.3628 -0.2909 -0.8853
vn 0.1415 -0.4886 -0.8610
vn 0.7639 -0.5862 -0.2697
vn -0.0000 -0.0000 1.0000
vn 0.7198 -0.6415 0.2651
vn -0.9610 -0.1068 0.2552
vn -0.9445 -0.2002 -0.2605
vn 0.1652 -0.4260 0.8895
vn -0.3650 -0.3555 0.8605
vn 0.4783 -0.8437 0.2437
vn 0.4774 -0.8442 -0.2439
vn -0.1686 -0.4236 -0.8900
vn 0.3644 -0.3490 -0.8634
vn 0.9614 -0.1011 -0.2557
vn 0.9455 -0.1917 0.2633
vn -0.7652 -0.5833 0.2724
vn -0.7250 -0.6344 -0.2682
vn 0.3609 -0.2846 0.8881
vn -0.1463 -0.4815 0.8641
vn 0.3477 -0.0603 -0.9357
vn -0.3313 0.1216 -0.9357
vn -0.0521 0.7251 -0.6867
vn 0.4077 0.6019 -0.6867
vn 0.4174 0.3408 0.8424
vn 0.3679 0.0294 0.9294
vn -0.3039 0.2094 0.9294
vn -0.1910 0.5038 0.8424
vn -0.8725 0.4163 0.2559
vn -0.8809 0.3286 0.3407
vn -0.8857 0.3040 -0.3508
vn -0.8981 0.2577 -0.3563
vn -0.3187 -0.9453 -0.0695
vn -0.1967 -0.9780 -0.0695
vn -0.1921 -0.9813 -0.0087
vn -0.3243 -0.9459 -0.0087
vn 0.9067 -0.2259 -0.3563
vn 0.9191 -0.1796 -0.3508
vn 0.9272 -0.1559 0.3407
vn 0.9637 -0.0757 0.2559
vn -0.3369 0.0993 -0.9363
vn -0.3220 0.1523 -0.9344
vn 0.3550 -0.0291 -0.9344
vn 0.3414 -0.0825 -0.9363
vn 0.3753 0.9184 -0.1248
vn 0.1351 0.9830 -0.1239
vn 0.1342 0.9831 0.1249
vn 0.3746 0.9189 0.1240
vn -0.3313 0.1216 0.9357
vn 0.3477 -0.0603 0.9357
vn 0.4077 0.6019 0.6867
vn -0.0521 0.7251 0.6867
vn -0.8956 0.2728 -0.3515
vn -0.8956 0.2728 0.3515
vn -0.4855 0.8412 0.2380
vn -0.4855 0.8412 -0.2380
vn 0.9120 -0.2115 0.3515
vn 0.9120 -0.2115 -0.3515
vn 0.8411 0.4858 -0.2380
vn 0.8411 0.4858 0.2380
vn 0.8928 -0.2310 -0.3867
vn 0.9028 -0.2154 -0.3722
vn 0.9948 0.0511 0.0884
vn 0.9774 -0.2082 -0.0378
vn -0.9505 0.3083 -0.0378
vn -0.8360 0.5416 0.0884
vn -0.8896 0.2648 -0.3722
vn -0.8887 0.2463 -0.3867
vn 0.4096 0.8633 0.2949
vn 0.0769 0.9524 0.2949
vn 0.1365 0.9561 0.2593
vn 0.3598 0.8963 0.2593
vn 0.2172 0.0257 0.9758
vn 0.2945 0.4881 0.8216
vn -0.0110 0.5699 0.8216
vn -0.1753 0.1308 0.9758
vn -0.9955 0.0722 0.0609
vn -0.6412 -0.7669 0.0264
vn -0.6394 -0.7156 0.2813
vn -0.8192 0.0580 0.5705
vn -0.3243 -0.9459 0.0109
vn -0.1921 -0.9813 0.0109
vn -0.1964 -0.9738 0.1148
vn -0.3168 -0.9415 0.1148
vn 0.9863 -0.1476 0.0737
vn 0.8945 0.4106 0.1767
vn 0.7486 0.5130 0.4201
vn 0.8123 -0.0919 0.5759
vn 0.8595 -0.3747 0.3477
vn 0.8595 -0.3747 -0.3477
vn 0.8338 -0.4319 -0.3439
vn 0.8338 -0.4319 0.3439
vn -0.9317 0.1053 -0.3477
vn -0.9317 0.1053 0.3477
vn -0.9380 0.0428 0.3439
vn -0.9380 0.0428 -0.3439
vn -0.3719 -0.0447 0.9272
vn 0.2998 -0.2247 0.9272
vn 0.2801 -0.2836 0.9171
vn -0.3843 -0.1056 0.9171
vn 0.2998 -0.2247 -0.9272
vn -0.3719 -0.0447 -0.9272
vn -0.3843 -0.1056 -0.9171
vn 0.2801 -0.2836 -0.9171
vn 0.1718 -0.9848 0.0264
vn 0.8982 -0.4353 0.0609
vn 0.7385 -0.3594 0.5705
vn 0.1959 -0.9394 0.2813
vn -0.5694 0.8029 0.1767
vn -0.9280 0.3653 0.0737
vn -0.7494 0.3266 0.5759
vn -0.3918 0.8185 0.4201
vn -0.0629 -0.7334 0.6768
vn 0.1701 -0.1485 0.9742
vn -0.2216 -0.0435 0.9742
vn -0.3123 -0.6666 0.6768
vn -0.6411 -0.7671 -0.0212
vn -0.9962 0.0720 -0.0487
vn -0.9218 0.0631 -0.3826
vn -0.6533 -0.7372 -0.1725
vn 0.1972 -0.9651 -0.1725
vn 0.8298 -0.4062 -0.3826
vn 0.8988 -0.4357 -0.0487
vn 0.1717 -0.9849 -0.0212
vn -0.3780 -0.8070 -0.4538
vn -0.3788 -0.0744 -0.9225
vn 0.2909 -0.2539 -0.9225
vn -0.0761 -0.8879 -0.4538
vn 0.3799 0.0830 -0.9213
vn -0.2875 0.2619 -0.9213
vn -0.3006 0.2219 -0.9276
vn 0.3713 0.0419 -0.9276
vn -0.2875 0.2619 0.9213
vn 0.3799 0.0830 0.9213
vn 0.3713 0.0419 0.9276
vn -0.3006 0.2219 0.9276
vn -0.8437 0.4109 -0.3455
vn -0.8437 0.4109 0.3455
vn -0.8606 0.3720 0.3478
vn -0.8606 0.3720 -0.3478
vn 0.9361 -0.0660 0.3455
vn 0.9361 -0.0660 -0.3455
vn 0.9313 -0.1082 -0.3478
vn 0.9313 -0.1082 0.3478
vn -0.0134 0.9648 0.2627
vn 0.4940 0.8288 -0.2627
vn 0.3313 0.1216 -0.9357
vn -0.3477 -0.0603 -0.9357
vn -0.4077 0.6019 -0.6867
vn 0.0521 0.7251 -0.6867
vn 0.1910 0.5038 0.8424
vn 0.3039 0.2094 0.9294
vn -0.3679 0.0294 0.9294
vn -0.4174 0.3408 0.8424
vn -0.9637 -0.0757 0.2559
vn -0.9272 -0.1559 0.3407
vn -0.9191 -0.1796 -0.3508
vn -0.9067 -0.2259 -0.3563
vn 0.1967 -0.9780 -0.0695
vn 0.3187 -0.9453 -0.0695
vn 0.3243 -0.9459 -0.0087
vn 0.1921 -0.9813 -0.0087
vn 0.8981 0.2577 -0.3563
vn 0.8857 0.3040 -0.3508
vn 0.8809 0.3286 0.3407
vn 0.8725 0.4163 0.2559
vn -0.3414 -0.0825 -0.9363
vn -0.3550 -0.0291 -0.9344
vn 0.3220 0.1523 -0.9344
vn 0.3369 0.0993 -0.9363
vn -0.1342 0.9831 -0.1248
vn -0.3731 0.9197 -0.1223
vn -0.3753 0.9184 0.1248
vn -0.1369 0.9830 0.1222
vn -0.3477 -0.0603 0.9357
vn 0.3313 0.1216 0.9357
vn 0.0521 0.7251 0.6867
vn -0.4077 0.6019 0.6867
vn -0.9120 -0.2115 -0.3515
vn -0.9120 -0.2115 0.3515
vn -0.8411 0.4858 0.2380
vn -0.8411 0.4858 -0.2380
vn 0.8956 0.2728 0.3515
vn 0.8956 0.2728 -0.3515
vn 0.4855 0.8412 -0.2380
vn 0.4855 0.8412 0.2380
vn 0.8887 0.2463 -0.3867
vn 0.8896 0.2648 -0.3722
vn 0.8360 0.5416 0.0884
vn 0.9505 0.3084 -0.0378
vn -0.9774 -0.2082 -0.0378
vn -0.9948 0.0511 0.0884
vn -0.9028 -0.2154 -0.3722
vn -0.8928 -0.2310 -0.3867
vn -0.0769 0.9524 0.2949
vn -0.4096 0.8633 0.2949
vn -0.3598 0.8963 0.2593
vn -0.1365 0.9561 0.2593
vn 0.1753 0.1308 0.9758
vn 0.0110 0.5699 0.8216
vn -0.2945 0.4881 0.8216
vn -0.2172 0.0257 0.9758
vn -0.8982 -0.4353 0.0609
vn -0.1718 -0.9848 0.0264
vn -0.1959 -0.9394 0.2813
vn -0.7385 -0.3594 0.5705
vn 0.1921 -0.9813 0.0109
vn 0.3243 -0.9459 0.0109
vn 0.3168 -0.9415 0.1148
vn 0.1964 -0.9738 0.1148
vn 0.9280 0.3653 0.0737
vn 0.5694 0.8029 0.1767
vn 0.3918 0.8185 0.4201
vn 0.7494 0.3266 0.5759
vn 0.9317 0.1053 0.3477
vn 0.9317 0.1053 -0.3477
vn 0.9380 0.0428 -0.3439
vn 0.9380 0.0428 0.3439
vn -0.8595 -0.3747 -0.3477
vn -0.8595 -0.3747 0.3477
vn -0.8338 -0.4319 0.3439
vn -0.8338 -0.4319 -0.3439
vn -0.2998 -0.2247 0.9272
vn 0.3719 -0.0447 0.9272
vn 0.3843 -0.1056 0.9171
vn -0.2801 -0.2836 0.9171
vn 0.3719 -0.0447 -0.9272
vn -0.2998 -0.2247 -0.9272
vn -0.2801 -0.2836 -0.9171
vn 0.3843 -0.1056 -0.9171
vn 0.6412 -0.7669 0.0264
vn 0.9955 0.0722 0.0609
vn 0.8192 0.0580 0.5705
vn 0.6394 -0.7156 0.2813
vn -0.8945 0.4106 0.1767
vn -0.9863 -0.1476 0.0737
vn -0.8123 -0.0919 0.5759
vn -0.7486 0.5130 0.4201
vn 0.3123 -0.6666 0.6768
vn 0.2216 -0.0435 0.9742
vn -0.1701 -0.1485 0.9742
vn 0.0629 -0.7334 0.6768
vn -0.1717 -0.9849 -0.0212
vn -0.8988 -0.4357 -0.0487
vn -0.8298 -0.4062 -0.3826
vn -0.1972 -0.9651 -0.1725
vn 0.6533 -0.7372 -0.1725
vn 0.9218 0.0631 -0.3826
vn 0.9962 0.0720 -0.0487
vn 0.6411 -0.7671 -0.0212
vn 0.0761 -0.8879 -0.4538
vn -0.2909 -0.2539 -0.9225
vn 0.3788 -0.0744 -0.9225
vn 0.3780 -0.8070 -0.4538
vn 0.2875 0.2619 -0.9213
vn -0.3799 0.0830 -0.9213
vn -0.3713 0.0419 -0.9276
vn 0.3006 0.2219 -0.9276
vn -0.3799 0.0830 0.9213
vn 0.2875 0.2619 0.9213
vn 0.3006 0.2219 0.9276
vn -0.3713 0.0419 0.9276
vn -0.9361 -0.0660 -0.3455
vn -0.9361 -0.0660 0.3455
vn -0.9313 -0.1082 0.3478
vn -0.9313 -0.1082 -0.3478
vn 0.8437 0.4109 0.3455
vn 0.8437 0.4109 -0.3455
vn 0.8606 0.3720 -0.3478
vn 0.8606 0.3720 0.3478
vn -0.4973 0.8256 0.2666
vn 0.0178 0.9636 -0.2666
vn -0.0464 -0.9351 0.3514
vn -0.3881 -0.8708 0.3016
vn -0.3881 -0.8708 -0.3016
vn -0.0464 -0.9351 -0.3514
vn -0.0464 -0.3514 -0.9351
vn -0.3882 -0.3016 -0.8708
vn -0.3910 0.2988 -0.8706
vn -0.0464 0.3514 -0.9351
vn -0.0464 0.9351 -0.3514
vn -0.0465 0.9351 0.3514
vn -0.0464 0.3514 0.9351
vn -0.4143 0.3255 0.8500
vn -0.3866 -0.3032 0.8710
vn -0.0464 -0.3514 0.9351
vn 0.9282 -0.2630 -0.2630
vn 0.9282 0.2630 -0.2630
vn 0.9282 0.2630 0.2630
vn 0.9282 -0.2630 0.2630
vn -0.9391 -0.2430 -0.2430
vn -0.9285 -0.2748 0.2498
vn -0.0000 0.3511 0.9363
vn -0.0000 -0.3511 0.9363
vn -0.0000 0.9363 -0.3511
vn -0.0000 0.9363 0.3511
vn -0.0000 -0.3511 -0.9363
vn -0.0000 0.3511 -0.9363
vn -0.0000 -0.9363 0.3511
vn -0.0000 -0.9363 -0.3511
vn 0.3872 -0.8712 0.3017
vn 0.0463 -0.9351 0.3515
vn 0.0463 -0.9351 -0.3515
vn 0.3872 -0.8712 -0.3017
vn 0.3872 -0.3017 -0.8712
vn 0.0463 -0.3515 -0.9351
vn 0.0463 0.3515 -0.9351
vn 0.3872 0.3017 -0.8712
vn 0.3872 0.8712 -0.3017
vn 0.0463 0.9351 -0.3515
vn 0.0463 0.9351 0.3515
vn 0.3872 0.8712 0.3017
vn 0.3872 0.3017 0.8712
vn 0.0463 0.3515 0.9351
vn 0.0463 -0.3515 0.9351
vn 0.3872 -0.3017 0.8712
vn -0.6872 0.6204 0.3780
vn -0.9348 0.3510 0.0539
vn -0.7250 0.1076 0.6803
vn -0.9964 0.0135 0.0839
vn -0.9964 0.0115 0.0841
vn -0.9976 -0.0095 -0.0689
vn -0.9975 -0.0136 -0.0698
vn -0.7446 0.6665 -0.0353
vn -0.6087 0.7925 -0.0376
vn -0.6201 0.6999 0.3544
vn -0.5046 0.7478 0.4316
vn -0.6071 0.7934 0.0453
vn -0.7590 0.6502 0.0328
vn -0.7800 0.6236 -0.0521
vn -0.9888 0.1329 -0.0675
vn -0.5990 0.5644 0.5680
vn -0.7084 0.2075 0.6747
vn -0.9849 0.1514 0.0835
vn -0.7733 0.6307 0.0648
vn -0.9974 -0.0160 -0.0706
vn -0.9972 -0.0163 -0.0730
vn -0.9963 0.0189 0.0844
vn -0.9963 0.0179 0.0840
vn -0.0464 -0.9351 0.3515
vn -0.3877 -0.8710 0.3017
vn -0.3877 -0.8710 -0.3017
vn -0.0464 -0.3515 -0.9351
vn -0.3877 -0.3017 -0.8710
vn -0.3877 0.3017 -0.8710
vn -0.0464 0.3515 -0.9351
vn -0.3877 0.8710 -0.3017
vn -0.3877 0.8710 0.3017
vn -0.0464 0.9351 0.3514
vn -0.0464 0.3515 0.9351
vn -0.3877 0.3017 0.8710
vn -0.3877 -0.3017 0.8710
vn -0.0464 -0.3515 0.9351
vn 0.9284 -0.2672 -0.2582
vn 0.9415 -0.2383 0.2383
vn -0.9284 0.2627 -0.2627
vn -0.9284 -0.2627 -0.2627
vn -0.9284 -0.2627 0.2627
vn -0.9284 0.2627 0.2627
vn 0.3877 -0.8710 0.3017
vn 0.0464 -0.9351 0.3515
vn 0.0464 -0.9351 -0.3515
vn 0.3877 -0.8710 -0.3017
vn 0.3877 -0.3017 -0.8710
vn 0.0464 -0.3515 -0.9351
vn 0.0464 0.3514 -0.9351
vn 0.4138 0.3256 -0.8502
vn 0.0464 0.9351 -0.3514
vn 0.0463 0.9351 0.3514
vn 0.3923 0.2971 0.8706
vn 0.0464 0.3514 0.9351
vn 0.0464 -0.3515 0.9351
vn 0.3877 -0.3017 0.8710
vn 0.9345 0.3513 0.0570
vn 0.6872 0.6204 0.3780
vn 0.9975 -0.0132 -0.0696
vn 0.9976 -0.0095 -0.0689
vn 0.9964 0.0115 0.0841
vn 0.9964 0.0135 0.0839
vn 0.7307 0.1112 0.6736
vn 0.7590 0.6502 0.0328
vn 0.6071 0.7934 0.0453
vn 0.4918 0.7399 0.4590
vn 0.5157 0.7383 0.4347
vn 0.6094 0.7922 -0.0338
vn 0.7511 0.6600 -0.0144
vn 0.7733 0.6307 0.0648
vn 0.9849 0.1514 0.0835
vn 0.7125 0.2102 0.6695
vn 0.5989 0.5645 0.5680
vn 0.9888 0.1329 -0.0675
vn 0.7800 0.6237 -0.0515
vn 0.9963 0.0179 0.0840
vn 0.9963 0.0176 0.0844
vn 0.9972 -0.0163 -0.0730
vn 0.9974 -0.0160 -0.0706
vn -0.9015 -0.3060 0.3061
vn -0.9102 0.2929 0.2929
vn -0.9015 0.3060 -0.3061
vn -0.9102 -0.2929 -0.2929
vn -0.3061 -0.3061 -0.9015
vn -0.3061 0.3061 -0.9015
vn 0.3061 0.3061 -0.9015
vn 0.3061 -0.3061 -0.9015
vn 0.9015 -0.3061 -0.3061
vn 0.9015 0.3061 -0.3061
vn 0.9015 0.3061 0.3061
vn 0.9015 -0.3061 0.3061
vn 0.3061 -0.3061 0.9015
vn 0.3061 0.3061 0.9015
vn -0.3061 0.3061 0.9015
vn -0.3061 -0.3061 0.9015
vn -0.3061 -0.9015 -0.3061
vn 0.3061 -0.9015 -0.3061
vn 0.3061 -0.9015 0.3061
vn -0.3061 -0.9015 0.3061
vn 0.3061 0.9015 -0.3061
vn -0.3061 0.9015 -0.3061
vn -0.3061 0.9015 0.3061
vn 0.3061 0.9015 0.3061
vn -0.9282 0.2630 0.2630
vn -0.9257 -0.2674 0.2674
vn -0.9282 -0.2630 -0.2630
vn -0.9257 0.2674 -0.2674
vn -0.4213 0.8667 -0.2670
vn -0.3696 0.8842 0.2856
vn -0.4213 0.2670 0.8667
vn -0.3667 -0.2830 0.8862
vn -0.4213 -0.8667 0.2670
vn -0.3696 -0.8842 -0.2856
vn -0.4213 -0.2670 -0.8667
vn -0.3667 0.2830 -0.8862
vn -0.9015 -0.3061 0.3061
vn -0.9015 0.3061 0.3061
vn -0.9015 0.3061 -0.3061
vn -0.9015 -0.3061 -0.3061
vn 0.9015 -0.3060 -0.3061
vn 0.9102 0.2928 -0.2928
vn 0.9015 0.3060 0.3061
vn 0.9102 -0.2928 0.2928
vn 0.3700 0.8840 -0.2856
vn 0.4218 0.8665 0.2669
vn 0.3672 0.2830 0.8861
vn 0.4218 -0.2669 0.8665
vn 0.3700 -0.8840 0.2856
vn 0.4218 -0.8665 -0.2669
vn 0.3672 -0.2830 -0.8861
vn 0.4218 0.2669 -0.8665
vn 0.9284 -0.2627 0.2627
vn 0.9260 0.2670 0.2670
vn 0.9284 0.2627 -0.2627
vn 0.9260 -0.2670 -0.2670
vn -0.9324 0.3530 -0.0779
vn -0.2935 0.9556 -0.0250
vn -0.3152 0.9182 -0.2398
vn -0.7571 0.1761 -0.6291
vn 0.0209 -0.0940 -0.9954
vn 0.0128 0.8128 -0.5824
vn 0.1164 0.7873 -0.6054
vn 0.1969 -0.0657 -0.9782
vn 0.9239 0.3756 0.0729
vn 0.2911 0.9564 0.0241
vn 0.2854 0.9371 0.2010
vn 0.7170 0.4617 0.5222
vn -0.0056 0.9999 0.0106
vn -0.0530 0.9985 0.0108
vn -0.0479 0.9948 0.0897
vn -0.0055 0.9953 0.0967
vn 0.0530 0.9985 0.0108
vn 0.0055 0.9999 0.0106
vn 0.0055 0.9953 0.0967
vn 0.0479 0.9948 0.0897
vn 0.0739 -0.8976 -0.4346
vn 0.4831 -0.8234 -0.2976
vn 0.5076 -0.8057 0.3052
vn 0.0735 -0.9098 0.4086
vn -0.0199 0.5796 0.8147
vn -0.0098 0.9127 0.4085
vn -0.0905 0.8986 0.4293
vn -0.1901 0.5498 0.8134
vn 0.1901 0.5498 0.8134
vn 0.0905 0.8986 0.4293
vn 0.0098 0.9127 0.4085
vn 0.0199 0.5796 0.8147
vn -0.4564 -0.3230 -0.8291
vn -0.4744 -0.0943 -0.8752
vn -0.0567 -0.0419 -0.9975
vn -0.0612 -0.3189 -0.9458
vn 0.4495 -0.3822 0.8074
vn 0.4762 -0.2125 0.8532
vn 0.0576 -0.1850 0.9811
vn 0.0603 -0.3861 0.9205
vn -0.0603 -0.3861 0.9205
vn -0.0576 -0.1850 0.9811
vn -0.4762 -0.2125 0.8532
vn -0.4495 -0.3822 0.8074
vn -0.5141 -0.7949 -0.3221
vn -0.0739 -0.8976 -0.4346
vn -0.0735 -0.9098 0.4086
vn -0.4926 -0.8204 0.2904
vn 0.0612 -0.3189 -0.9458
vn 0.0567 -0.0419 -0.9975
vn 0.4744 -0.0943 -0.8752
vn 0.4564 -0.3230 -0.8291
vn 0.9023 -0.3701 -0.2209
vn 0.9442 -0.1968 -0.2640
vn 0.9385 -0.2270 0.2600
vn 0.8972 -0.3845 0.2174
vn -0.4463 -0.0503 -0.8934
vn -0.3546 -0.1976 -0.9139
vn -0.0403 -0.0437 -0.9982
vn -0.0525 -0.0051 -0.9986
vn 0.4688 -0.2677 0.8418
vn 0.4154 -0.4186 0.8076
vn 0.0502 -0.3637 0.9301
vn 0.0563 -0.2787 0.9587
vn -0.0563 -0.2787 0.9587
vn -0.0502 -0.3637 0.9301
vn -0.4154 -0.4186 0.8076
vn -0.4688 -0.2677 0.8418
vn -0.8972 -0.3845 0.2174
vn -0.9385 -0.2270 0.2600
vn -0.9442 -0.1968 -0.2640
vn -0.9023 -0.3701 -0.2209
vn 0.0525 -0.0051 -0.9986
vn 0.0403 -0.0437 -0.9982
vn 0.3546 -0.1976 -0.9139
vn 0.4463 -0.0503 -0.8934
vn 0.9516 -0.1212 -0.2823
vn 0.8573 -0.4010 -0.3228
vn 0.9389 -0.3443 0.0003
vn 0.8779 -0.3946 0.2712
vn 0.9499 -0.1694 0.2627
vn 0.0501 0.9939 -0.0981
vn 0.0057 0.9944 -0.1054
vn 0.0056 0.9999 -0.0107
vn 0.0532 0.9985 -0.0110
vn -0.0057 0.9944 -0.1054
vn -0.0501 0.9939 -0.0981
vn -0.0532 0.9985 -0.0110
vn -0.0055 0.9999 -0.0107
vn -0.1969 -0.0657 -0.9782
vn -0.1164 0.7873 -0.6054
vn -0.0128 0.8128 -0.5824
vn -0.0209 -0.0940 -0.9954
vn 0.7571 0.1761 -0.6291
vn 0.3152 0.9182 -0.2398
vn 0.2935 0.9556 -0.0250
vn 0.9324 0.3530 -0.0779
vn -0.9499 -0.1694 0.2627
vn -0.8779 -0.3946 0.2712
vn -0.9389 -0.3443 0.0003
vn -0.8573 -0.4010 -0.3228
vn -0.9516 -0.1212 -0.2823
vn -0.8546 0.1332 0.5019
vn -0.8363 0.2203 0.5021
vn -0.9974 0.0172 0.0699
vn -0.9976 0.0110 0.0689
vn 0.7255 -0.1376 -0.6743
vn 0.7316 -0.1381 -0.6676
vn 0.9964 -0.0135 -0.0839
vn 0.9964 -0.0115 -0.0841
vn -0.1668 -0.2587 -0.9514
vn -0.1705 -0.2585 -0.9508
vn -0.0182 -0.2845 -0.9585
vn -0.0177 -0.2846 -0.9585
vn 0.2684 0.3234 0.9074
vn 0.2412 0.4944 0.8351
vn 0.0256 0.5428 0.8395
vn 0.0291 0.3626 0.9315
vn -0.0291 0.3626 0.9315
vn -0.0256 0.5428 0.8395
vn -0.2412 0.4944 0.8351
vn -0.2684 0.3234 0.9074
vn 0.9976 0.0110 0.0689
vn 0.9974 0.0172 0.0699
vn 0.8363 0.2203 0.5021
vn 0.8546 0.1332 0.5019
vn 0.0177 -0.2846 -0.9585
vn 0.0182 -0.2846 -0.9585
vn 0.1705 -0.2585 -0.9508
vn 0.1668 -0.2587 -0.9514
vn -0.9964 -0.0115 -0.0841
vn -0.9964 -0.0135 -0.0839
vn -0.7316 -0.1381 -0.6676
vn -0.7255 -0.1376 -0.6743
vn -0.8016 0.2413 0.5469
vn -0.8040 0.1807 0.5665
vn -0.9969 0.0145 0.0779
vn -0.9969 0.0189 0.0764
vn 0.7478 -0.1345 -0.6502
vn 0.7544 -0.1318 -0.6431
vn 0.9963 -0.0122 -0.0847
vn 0.9963 -0.0137 -0.0850
vn -0.1817 -0.2580 -0.9489
vn -0.1859 -0.2578 -0.9481
vn -0.0198 -0.2845 -0.9585
vn -0.0194 -0.2845 -0.9585
vn 0.2117 0.5001 0.8397
vn 0.2183 0.3851 0.8967
vn 0.0233 0.4245 0.9052
vn 0.0223 0.5451 0.8381
vn -0.0223 0.5451 0.8381
vn -0.0233 0.4245 0.9052
vn -0.2183 0.3851 0.8967
vn -0.2117 0.5001 0.8397
vn 0.9969 0.0189 0.0764
vn 0.9969 0.0145 0.0779
vn 0.8040 0.1807 0.5665
vn 0.8016 0.2413 0.5469
vn 0.0194 -0.2845 -0.9585
vn 0.0198 -0.2845 -0.9585
vn 0.1859 -0.2578 -0.9481
vn 0.1817 -0.2580 -0.9489
vn -0.9963 -0.0137 -0.0850
vn -0.9963 -0.0122 -0.0847
vn -0.7544 -0.1318 -0.6431
vn -0.7478 -0.1345 -0.6502
vn -0.7590 -0.6502 -0.0328
vn -0.6071 -0.7934 -0.0453
vn -0.5159 -0.7216 -0.4617
vn -0.6297 -0.6498 -0.4257
vn 0.0251 -0.1286 -0.9914
vn 0.0184 -0.2482 -0.9685
vn 0.1646 -0.3748 -0.9124
vn 0.2228 -0.3223 -0.9200
vn 0.7657 -0.6426 0.0271
vn 0.6139 -0.7886 0.0359
vn 0.6353 -0.7010 0.3241
vn 0.7262 -0.6137 0.3098
vn -0.0422 -0.1934 0.9802
vn -0.0354 0.1892 0.9813
vn -0.3220 -0.1080 0.9406
vn -0.3502 -0.3843 0.8542
vn 0.3502 -0.3843 0.8542
vn 0.3220 -0.1080 0.9406
vn 0.0354 0.1892 0.9813
vn 0.0422 -0.1934 0.9802
vn -0.2228 -0.3223 -0.9200
vn -0.1646 -0.3748 -0.9124
vn -0.0184 -0.2482 -0.9685
vn -0.0251 -0.1286 -0.9914
vn 0.6297 -0.6498 -0.4257
vn 0.5159 -0.7216 -0.4617
vn 0.6071 -0.7934 -0.0453
vn 0.7590 -0.6502 -0.0328
vn -0.7262 -0.6137 0.3098
vn -0.6353 -0.7010 0.3241
vn -0.6139 -0.7886 0.0359
vn -0.7657 -0.6426 0.0271
vn -0.7733 -0.6307 -0.0648
vn -0.9849 -0.1514 -0.0835
vn -0.7074 -0.2285 -0.6689
vn -0.6014 -0.5593 -0.5706
vn 0.0172 -0.2876 -0.9576
vn 0.0174 -0.2851 -0.9583
vn 0.1628 -0.2731 -0.9481
vn 0.1581 -0.3367 -0.9282
vn 0.7818 -0.6214 0.0519
vn 0.9891 -0.1312 0.0676
vn 0.8662 0.0051 0.4996
vn 0.7725 -0.4675 0.4298
vn -0.0313 0.3217 0.9463
vn -0.0301 0.3262 0.9448
vn -0.2783 0.2664 0.9228
vn -0.2958 0.1418 0.9447
vn 0.2958 0.1418 0.9447
vn 0.2783 0.2664 0.9228
vn 0.0301 0.3262 0.9448
vn 0.0313 0.3217 0.9463
vn -0.1581 -0.3367 -0.9282
vn -0.1628 -0.2731 -0.9481
vn -0.0174 -0.2851 -0.9583
vn -0.0172 -0.2876 -0.9576
vn 0.6014 -0.5593 -0.5706
vn 0.7074 -0.2285 -0.6689
vn 0.9849 -0.1514 -0.0835
vn 0.7733 -0.6307 -0.0648
vn -0.7725 -0.4675 0.4298
vn -0.8662 0.0051 0.4996
vn -0.9891 -0.1312 0.0676
vn -0.7818 -0.6214 0.0519
vn -0.9963 -0.0166 -0.0841
vn -0.9963 -0.0168 -0.0847
vn -0.7421 -0.1383 -0.6559
vn -0.7369 -0.1395 -0.6615
vn 0.0186 -0.2846 -0.9585
vn 0.0190 -0.2845 -0.9585
vn 0.1779 -0.2582 -0.9496
vn 0.1742 -0.2583 -0.9502
vn 0.9971 0.0270 0.0717
vn 0.9968 0.0279 0.0742
vn 0.7815 0.3573 0.5114
vn 0.7960 0.3467 0.4962
vn -0.0204 0.7182 0.6956
vn -0.0194 0.7182 0.6956
vn -0.1881 0.6748 0.7137
vn -0.1977 0.6735 0.7123
vn 0.1977 0.6735 0.7123
vn 0.1881 0.6748 0.7136
vn 0.0194 0.7182 0.6956
vn 0.0204 0.7182 0.6956
vn -0.1742 -0.2583 -0.9502
vn -0.1779 -0.2582 -0.9496
vn -0.0190 -0.2845 -0.9585
vn -0.0186 -0.2846 -0.9585
vn 0.7369 -0.1395 -0.6615
vn 0.7421 -0.1383 -0.6559
vn 0.9963 -0.0168 -0.0847
vn 0.9963 -0.0166 -0.0841
vn -0.7960 0.3467 0.4962
vn -0.7815 0.3573 0.5114
vn -0.9968 0.0279 0.0742
vn -0.9971 0.0270 0.0717
vn -0.7170 0.4617 0.5222
vn -0.2854 0.9371 0.2010
vn -0.2911 0.9564 0.0241
vn -0.9239 0.3756 0.0729
vn 0.0422 -0.9617 0.2708
vn 0.3854 -0.8869 0.2547
vn 0.3492 -0.9050 -0.2431
vn 0.0425 -0.9616 -0.2712
vn -0.3569 -0.9037 0.2365
vn -0.0423 -0.9616 0.2711
vn -0.0424 -0.9617 -0.2709
vn -0.3854 -0.8869 -0.2547
vn 0.9009 0.3321 -0.2796
vn 0.9154 0.2846 0.2846
vn 0.2796 0.3321 0.9009
vn -0.2843 0.2843 0.9156
vn -0.9009 0.3321 0.2796
vn -0.9154 0.2846 -0.2846
vn -0.2796 0.3321 -0.9009
vn 0.2843 0.2843 -0.9156
vt 0.326359 0.261157
vt 0.345964 0.276531
vt 0.315631 0.296497
vt 0.306881 0.267090
vt 0.345662 0.316748
vt 0.325969 0.331882
vt 0.306590 0.325790
vt 0.287128 0.319905
vt 0.279385 0.296267
vt 0.287378 0.272788
vt 0.256581 0.219029
vt 0.275274 0.256214
vt 0.250752 0.279202
vt 0.222279 0.235657
vt 0.250391 0.313018
vt 0.274857 0.336425
vt 0.220960 0.356690
vt 0.256112 0.373659
vt 0.300024 0.347102
vt 0.288143 0.385837
vt 0.326812 0.352412
vt 0.321444 0.393675
vt 0.254002 0.569355
vt 0.261891 0.592712
vt 0.225959 0.592817
vt 0.234644 0.563704
vt 0.262151 0.000171
vt 0.254293 0.023411
vt 0.235004 0.029066
vt 0.226339 0.000000
vt 0.215736 0.034933
vt 0.196365 0.019708
vt 0.196022 0.573013
vt 0.215378 0.557852
vt 0.322234 0.199096
vt 0.327375 0.240574
vt 0.300491 0.245728
vt 0.288829 0.207110
vt 0.360116 0.346871
vt 0.359787 0.399302
vt 0.360782 0.246414
vt 0.360866 0.193642
vt 0.284876 0.076603
vt 0.306294 0.137027
vt 0.270833 0.147644
vt 0.252982 0.088727
vt 0.235454 0.158586
vt 0.219762 0.096378
vt 0.219048 0.496535
vt 0.234663 0.434257
vt 0.270263 0.444929
vt 0.252296 0.504007
vt 0.305598 0.455794
vt 0.284413 0.515733
vt 0.198135 0.169818
vt 0.181343 0.101706
vt 0.197235 0.423081
vt 0.181343 0.491626
vt 0.214715 0.055307
vt 0.181653 0.049451
vt 0.181469 0.543335
vt 0.214327 0.537528
vt 0.240943 0.542514
vt 0.266027 0.552863
vt 0.266302 0.039801
vt 0.241342 0.050226
vt 0.290470 0.575840
vt 0.319201 0.532343
vt 0.290517 0.016959
vt 0.318950 0.059943
vt 0.342272 0.466938
vt 0.343539 0.125549
vt 0.146399 0.261817
vt 0.166006 0.276765
vt 0.136315 0.297028
vt 0.127204 0.268000
vt 0.166375 0.316739
vt 0.147066 0.332046
vt 0.127741 0.326217
vt 0.108334 0.320668
vt 0.100374 0.297367
vt 0.107920 0.273897
vt 0.076446 0.219749
vt 0.095519 0.257322
vt 0.071296 0.280544
vt 0.041737 0.236624
vt 0.071687 0.314690
vt 0.096199 0.337447
vt 0.043073 0.358800
vt 0.077382 0.375347
vt 0.121410 0.347772
vt 0.109841 0.387217
vt 0.148186 0.352726
vt 0.143403 0.394709
vt 0.074194 0.577054
vt 0.082152 0.600970
vt 0.045406 0.600991
vt 0.054419 0.571228
vt 0.078548 0.000000
vt 0.071123 0.023069
vt 0.052133 0.028876
vt 0.043165 0.000311
vt 0.033232 0.034965
vt 0.013953 0.020279
vt 0.014860 0.580582
vt 0.034740 0.565110
vt 0.141278 0.199396
vt 0.147101 0.241128
vt 0.120483 0.246590
vt 0.108206 0.207485
vt 0.181165 0.346860
vt 0.181343 0.399594
vt 0.180252 0.246339
vt 0.179404 0.193404
vt 0.102449 0.076295
vt 0.124440 0.136711
vt 0.089512 0.147937
vt 0.070814 0.088379
vt 0.054435 0.158689
vt 0.037948 0.096546
vt 0.039307 0.501285
vt 0.055774 0.437097
vt 0.091519 0.448048
vt 0.073173 0.509179
vt 0.127548 0.458750
vt 0.105781 0.521365
vt 0.017635 0.170097
vt 0.000887 0.101949
vt 0.018236 0.425651
vt 0.000332 0.495580
vt 0.032511 0.055320
vt 0.000000 0.050184
vt 0.000000 0.549643
vt 0.033807 0.543980
vt 0.061062 0.549276
vt 0.086695 0.559978
vt 0.083348 0.039360
vt 0.058748 0.049948
vt 0.111709 0.583469
vt 0.141484 0.538239
vt 0.107090 0.016563
vt 0.135948 0.059547
vt 0.165372 0.469845
vt 0.161156 0.125039
vt 0.894776 0.168294
vt 0.884428 0.169287
vt 0.869841 0.171142
vt 0.869380 0.171117
vt 0.857520 0.152069
vt 0.903079 0.152069
vt 0.921092 0.016426
vt 0.905303 0.030481
vt 0.883200 0.026164
vt 0.886620 0.000000
vt 0.860731 0.024656
vt 0.849083 0.007015
vt 0.933291 0.176095
vt 0.916326 0.185226
vt 0.913962 0.183059
vt 0.903514 0.174802
vt 0.894785 0.168305
vt 0.911952 0.236478
vt 0.942908 0.243651
vt 0.925705 0.278472
vt 0.904794 0.265280
vt 0.906764 0.258652
vt 0.907395 0.253459
vt 0.815627 0.068055
vt 0.844840 0.071873
vt 0.844519 0.102255
vt 0.815627 0.107395
vt 0.848063 0.121588
vt 0.832273 0.135643
vt 0.903325 0.267564
vt 0.901028 0.298564
vt 0.890801 0.282465
vt 0.892025 0.281490
vt 0.895757 0.277161
vt 0.862559 0.300447
vt 0.867207 0.283378
vt 0.867210 0.283368
vt 0.877464 0.284275
vt 0.889422 0.282523
vt 0.870165 0.125905
vt 0.866746 0.152069
vt 0.892635 0.127413
vt 0.904282 0.145054
vt 0.830057 0.281465
vt 0.844960 0.270268
vt 0.848500 0.273071
vt 0.857173 0.279034
vt 0.853533 0.195594
vt 0.853300 0.198595
vt 0.847263 0.220575
vt 0.815627 0.212812
vt 0.831527 0.175237
vt 0.855364 0.189088
vt 0.937739 0.084014
vt 0.908526 0.080196
vt 0.908846 0.049814
vt 0.937739 0.044674
vt 0.855853 0.188290
vt 0.869361 0.171223
vt 0.868265 0.172059
vt 0.865312 0.174986
vt 0.903293 0.233453
vt 0.901973 0.232088
vt 0.906734 0.250198
vt 0.904212 0.234411
vt 0.843862 0.238195
vt 0.858825 0.221429
vt 0.855184 0.222476
vt 0.854364 0.223449
vt 0.852338 0.042429
vt 0.880435 0.047326
vt 0.876683 0.076035
vt 0.872931 0.104743
vt 0.901027 0.109640
vt 0.918937 0.201590
vt 0.919238 0.203627
vt 0.919015 0.202394
vt 0.901939 0.231295
vt 0.903955 0.229979
vt 0.906745 0.227634
vt 0.916660 0.214682
vt 0.901333 0.231482
vt 0.854079 0.202071
vt 0.856056 0.215260
vt 0.858682 0.220571
vt 0.859397 0.221271
vt 0.815648 0.252699
vt 0.840692 0.250715
vt 0.841129 0.254717
vt 0.844074 0.268415
vt 0.844351 0.269174
vt 0.927629 0.122033
vt 0.841854 0.243890
vt 0.944469 0.204044
vt 0.919340 0.205150
vt 0.916800 0.186270
vt 0.825737 0.030036
vt 0.917909 0.211556
vt 0.880339 0.226038
vt 0.885805 0.203778
vt 0.912724 0.210495
vt 0.900637 0.231323
vt 0.898450 0.230583
vt 0.891629 0.228390
vt 0.888544 0.227610
vt 0.883758 0.226800
vt 0.880380 0.225994
vt 0.885812 0.203750
vt 0.892951 0.175468
vt 0.914555 0.188019
vt 0.868997 0.174795
vt 0.858854 0.196823
vt 0.868184 0.223157
vt 0.860386 0.221545
vt 0.900253 0.256939
vt 0.890571 0.277902
vt 0.868743 0.276529
vt 0.874345 0.250935
vt 0.874351 0.250907
vt 0.903584 0.234783
vt 0.848422 0.244917
vt 0.855590 0.223104
vt 0.847473 0.266773
vt 0.803893 0.735038
vt 0.847107 0.741881
vt 0.840873 0.764845
vt 0.802110 0.750642
vt 0.732396 0.823741
vt 0.732710 0.801266
vt 0.740661 0.801710
vt 0.744611 0.822593
vt 0.747965 0.801421
vt 0.756658 0.815667
vt 0.823828 0.785573
vt 0.799216 0.764848
vt 0.697353 0.611886
vt 0.708479 0.645535
vt 0.658415 0.661294
vt 0.645090 0.634969
vt 0.714899 0.674486
vt 0.668267 0.688946
vt 0.709473 0.721461
vt 0.722441 0.729057
vt 0.710689 0.751105
vt 0.696766 0.745111
vt 0.697516 0.712257
vt 0.680928 0.736308
vt 0.690068 0.769412
vt 0.676649 0.765499
vt 0.703278 0.773382
vt 0.697452 0.795168
vt 0.684250 0.791907
vt 0.670852 0.788151
vt 0.641699 0.777261
vt 0.629207 0.787781
vt 0.621102 0.764671
vt 0.642572 0.761238
vt 0.815476 0.531616
vt 0.790422 0.551605
vt 0.759335 0.547339
vt 0.773953 0.507268
vt 0.713439 0.541868
vt 0.712922 0.495341
vt 0.620975 0.732966
vt 0.644239 0.737681
vt 0.800611 0.611536
vt 0.802909 0.638529
vt 0.757622 0.641542
vt 0.754999 0.614356
vt 0.804423 0.664997
vt 0.760453 0.668371
vt 0.678220 0.815520
vt 0.662971 0.811008
vt 0.693203 0.818467
vt 0.850101 0.635376
vt 0.850504 0.665039
vt 0.846836 0.604740
vt 0.773066 0.768301
vt 0.794956 0.803768
vt 0.786098 0.800429
vt 0.777076 0.797369
vt 0.777079 0.797360
vt 0.767419 0.801881
vt 0.751826 0.788966
vt 0.764742 0.793258
vt 0.764746 0.793260
vt 0.764862 0.797356
vt 0.767117 0.801814
vt 0.756194 0.776645
vt 0.771779 0.770470
vt 0.771995 0.787964
vt 0.771713 0.787854
vt 0.767458 0.790112
vt 0.761528 0.808415
vt 0.728741 0.798859
vt 0.746860 0.772036
vt 0.768687 0.802657
vt 0.743793 0.767580
vt 0.757213 0.749241
vt 0.766324 0.757602
vt 0.750489 0.772013
vt 0.694036 0.762974
vt 0.734242 0.744362
vt 0.740198 0.759054
vt 0.706484 0.783516
vt 0.735943 0.783717
vt 0.743797 0.786307
vt 0.768577 0.735201
vt 0.770768 0.751457
vt 0.652670 0.781921
vt 0.660271 0.784683
vt 0.650625 0.806261
vt 0.641462 0.801430
vt 0.842159 0.579670
vt 0.797943 0.590027
vt 0.837045 0.560560
vt 0.795171 0.574356
vt 0.755116 0.592204
vt 0.755499 0.575954
vt 0.707401 0.587014
vt 0.710479 0.571663
vt 0.659475 0.739052
vt 0.667476 0.738976
vt 0.665500 0.763438
vt 0.657306 0.762074
vt 0.629125 0.607428
vt 0.664937 0.589811
vt 0.672941 0.717921
vt 0.685201 0.701617
vt 0.668896 0.709619
vt 0.672922 0.695298
vt 0.621449 0.581518
vt 0.650455 0.579002
vt 0.659822 0.559674
vt 0.655993 0.570054
vt 0.620975 0.564056
vt 0.624966 0.546640
vt 0.664202 0.693398
vt 0.663876 0.711546
vt 0.655081 0.693743
vt 0.658300 0.712478
vt 0.653502 0.738706
vt 0.654524 0.722850
vt 0.659289 0.722998
vt 0.647638 0.720500
vt 0.649470 0.711947
vt 0.653652 0.712817
vt 0.631305 0.709329
vt 0.679150 0.542104
vt 0.663633 0.506587
vt 0.662029 0.542498
vt 0.640093 0.523794
vt 0.642176 0.699158
vt 0.675814 0.576533
vt 0.679687 0.565424
vt 0.724154 0.712707
vt 0.764721 0.705157
vt 0.766587 0.719980
vt 0.728668 0.728306
vt 0.805198 0.702523
vt 0.804968 0.718350
vt 0.716264 0.799032
vt 0.721325 0.778990
vt 0.728555 0.781310
vt 0.724240 0.800342
vt 0.728966 0.759420
vt 0.736333 0.763202
vt 0.739953 0.740315
vt 0.747848 0.744297
vt 0.683407 0.726664
vt 0.688101 0.743248
vt 0.847122 0.704506
vt 0.847308 0.721492
vt 0.713466 0.820373
vt 0.722042 0.822009
vt 0.712006 0.560055
vt 0.681148 0.556208
vt 0.662173 0.550859
vt 0.665236 0.722115
vt 0.631494 0.533743
vt 0.647988 0.695791
vt 0.651210 0.761139
vt 0.647307 0.779714
vt 0.792997 0.563279
vt 0.755949 0.563902
vt 0.635090 0.796704
vt 0.830419 0.546423
vt 0.848666 0.687381
vt 0.804988 0.685950
vt 0.707949 0.797403
vt 0.704669 0.819591
vt 0.732372 0.735449
vt 0.721046 0.755698
vt 0.719923 0.696089
vt 0.676880 0.710338
vt 0.713413 0.776486
vt 0.762756 0.688997
vt 0.769895 0.794996
vt 0.769902 0.794998
vt 0.772440 0.800056
vt 0.774988 0.792230
vt 0.694512 0.332042
vt 0.664822 0.326059
vt 0.669738 0.310218
vt 0.696202 0.321582
vt 0.643825 0.238886
vt 0.680992 0.225978
vt 0.685080 0.239643
vt 0.652918 0.258151
vt 0.689878 0.251968
vt 0.671040 0.273837
vt 0.682402 0.296136
vt 0.698698 0.312214
vt 0.764622 0.416950
vt 0.757484 0.394101
vt 0.791458 0.384026
vt 0.800148 0.401944
vt 0.753490 0.374464
vt 0.785122 0.365240
vt 0.796917 0.135803
vt 0.793078 0.161721
vt 0.749655 0.157130
vt 0.750334 0.130585
vt 0.804043 0.110509
vt 0.754394 0.099194
vt 0.706438 0.135343
vt 0.704216 0.110949
vt 0.708446 0.159514
vt 0.668989 0.163851
vt 0.665990 0.140131
vt 0.663746 0.115825
vt 0.662932 0.061651
vt 0.638099 0.048040
vt 0.670300 0.020384
vt 0.689444 0.052922
vt 0.684391 0.470286
vt 0.701210 0.456876
vt 0.722170 0.459959
vt 0.712092 0.486788
vt 0.753077 0.464038
vt 0.753003 0.495341
vt 0.721446 0.000000
vt 0.728660 0.040613
vt 0.694837 0.416259
vt 0.693429 0.397807
vt 0.724209 0.396251
vt 0.725684 0.414714
vt 0.692710 0.379711
vt 0.722626 0.378023
vt 0.623381 0.145235
vt 0.620975 0.117315
vt 0.628106 0.171610
vt 0.660828 0.399351
vt 0.661050 0.378936
vt 0.662593 0.420611
vt 0.716003 0.310448
vt 0.698268 0.288437
vt 0.698275 0.288881
vt 0.706077 0.296254
vt 0.714734 0.297706
vt 0.714744 0.297718
vt 0.690287 0.283169
vt 0.714424 0.251123
vt 0.715502 0.270460
vt 0.715482 0.270461
vt 0.702338 0.276657
vt 0.738985 0.249232
vt 0.760186 0.269033
vt 0.741927 0.280436
vt 0.728729 0.275647
vt 0.730208 0.286469
vt 0.745403 0.290791
vt 0.733260 0.308646
vt 0.722434 0.293394
vt 0.730267 0.286834
vt 0.744955 0.222227
vt 0.783681 0.231145
vt 0.776626 0.251408
vt 0.742406 0.236379
vt 0.768504 0.315073
vt 0.741341 0.327167
vt 0.737540 0.317299
vt 0.760278 0.301185
vt 0.712662 0.220280
vt 0.713529 0.235268
vt 0.718259 0.332730
vt 0.717147 0.321775
vt 0.662260 0.082391
vt 0.662509 0.096513
vt 0.621603 0.094107
vt 0.623717 0.076340
vt 0.666064 0.437929
vt 0.696386 0.430857
vt 0.669950 0.450963
vt 0.698021 0.441451
vt 0.725379 0.429696
vt 0.724975 0.440670
vt 0.757576 0.433641
vt 0.755350 0.443973
vt 0.736175 0.066164
vt 0.741420 0.079088
vt 0.700446 0.091520
vt 0.697445 0.077343
vt 0.810608 0.420696
vt 0.786267 0.432187
vt 0.779051 0.074418
vt 0.813308 0.083751
vt 0.789882 0.062534
vt 0.815627 0.059839
vt 0.815498 0.438247
vt 0.795917 0.439631
vt 0.789397 0.452563
vt 0.792087 0.445605
vt 0.815627 0.450021
vt 0.812750 0.461713
vt 0.813094 0.044525
vt 0.783538 0.055652
vt 0.806681 0.030004
vt 0.778451 0.047230
vt 0.732917 0.056265
vt 0.759247 0.047770
vt 0.762060 0.055577
vt 0.758640 0.035123
vt 0.773647 0.032604
vt 0.774922 0.039928
vt 0.766242 0.001565
vt 0.776191 0.464209
vt 0.786281 0.488283
vt 0.787732 0.464118
vt 0.802317 0.476947
vt 0.789649 0.012613
vt 0.778789 0.441031
vt 0.776061 0.448484
vt 0.747726 0.348572
vt 0.720303 0.353050
vt 0.719303 0.343012
vt 0.744887 0.338015
vt 0.692805 0.354111
vt 0.693322 0.343340
vt 0.674525 0.197273
vt 0.710921 0.192813
vt 0.711807 0.206325
vt 0.677334 0.211296
vt 0.748152 0.192432
vt 0.746952 0.207009
vt 0.786458 0.197434
vt 0.785306 0.212807
vt 0.775312 0.339619
vt 0.772316 0.328399
vt 0.664068 0.351898
vt 0.664261 0.340190
vt 0.637712 0.205937
vt 0.640348 0.220953
vt 0.754211 0.451789
vt 0.774985 0.454683
vt 0.787721 0.458480
vt 0.767307 0.064638
vt 0.808214 0.470333
vt 0.798819 0.019850
vt 0.695089 0.066860
vt 0.662480 0.072291
vt 0.699492 0.448977
vt 0.724576 0.448809
vt 0.627378 0.063110
vt 0.674407 0.460395
vt 0.662698 0.363629
vt 0.692645 0.365410
vt 0.671959 0.182529
vt 0.633500 0.191061
vt 0.789284 0.181967
vt 0.748971 0.177029
vt 0.750366 0.359822
vt 0.779544 0.350702
vt 0.709905 0.178151
vt 0.721368 0.364016
vt 0.706315 0.278047
vt 0.716385 0.286618
vt 0.716386 0.286633
vt 0.724083 0.278411
vt 0.828984 0.883316
vt 0.827450 0.888322
vt 0.824562 0.888805
vt 0.821856 0.883627
vt 0.826818 0.890070
vt 0.825505 0.890602
vt 0.824313 0.891443
vt 0.822585 0.890893
vt 0.817573 0.889275
vt 0.823058 0.893730
vt 0.818129 0.896086
vt 0.824629 0.892736
vt 0.824696 0.892518
vt 0.824667 0.892608
vt 0.824635 0.892681
vt 0.824872 0.895366
vt 0.825045 0.895705
vt 0.824653 0.893036
vt 0.824590 0.893773
vt 0.824584 0.893855
vt 0.824583 0.894043
vt 0.824677 0.894841
vt 0.824855 0.895316
vt 0.823478 0.899822
vt 0.825181 0.895862
vt 0.825199 0.895886
vt 0.825240 0.895921
vt 0.828170 0.895892
vt 0.829789 0.899192
vt 0.826375 0.895950
vt 0.827624 0.895910
vt 0.830205 0.893609
vt 0.834514 0.894567
vt 0.828556 0.895579
vt 0.828594 0.895549
vt 0.829498 0.894577
vt 0.829580 0.890346
vt 0.834314 0.887703
vt 0.830202 0.893544
vt 0.830180 0.892971
vt 0.830094 0.892333
vt 0.829907 0.892136
vt 0.829471 0.891767
vt 0.828926 0.891464
vt 0.828413 0.891181
vt 0.828104 0.890910
vt 0.827382 0.890769
vt 0.827978 0.890870
vt 0.827428 0.890792
vt 0.883199 0.366605
vt 0.884221 0.365868
vt 0.884903 0.367086
vt 0.883685 0.367767
vt 0.885383 0.365382
vt 0.886120 0.366404
vt 0.886607 0.367566
vt 0.885584 0.368303
vt 0.884422 0.368789
vt 0.824874 0.892370
vt 0.825774 0.891080
vt 0.825371 0.891704
vt 0.825289 0.891850
vt 0.826642 0.890785
vt 0.826604 0.890789
vt 0.893395 0.369491
vt 0.909638 0.375387
vt 0.896095 0.389590
vt 0.889339 0.375000
vt 0.950504 0.388810
vt 0.920210 0.439157
vt 0.857704 0.439764
vt 0.876890 0.391425
vt 0.882511 0.375558
vt 0.887293 0.358621
vt 0.892897 0.342953
vt 0.907777 0.355613
vt 0.892837 0.362638
vt 0.910456 0.300447
vt 0.948556 0.337580
vt 0.876425 0.364687
vt 0.860582 0.358965
vt 0.873528 0.344174
vt 0.880463 0.359155
vt 0.816006 0.339980
vt 0.855817 0.300447
vt 0.861808 0.378591
vt 0.876959 0.371536
vt 0.815627 0.397536
vt 0.892413 0.918536
vt 0.849203 0.900005
vt 0.848958 0.881350
vt 0.892693 0.864667
vt 0.835017 0.868010
vt 0.854657 0.824973
vt 0.798544 0.959857
vt 0.817607 0.915964
vt 0.837337 0.915254
vt 0.854678 0.958970
vt 0.758098 0.863453
vt 0.801986 0.883154
vt 0.802905 0.902816
vt 0.758098 0.920239
vt 0.815405 0.868512
vt 0.798636 0.823741
vt 0.883965 0.370409
vt 0.882062 0.368676
vt 0.881579 0.366147
vt 0.883313 0.364246
vt 0.885840 0.363763
vt 0.887743 0.365495
vt 0.888227 0.368024
vt 0.886493 0.369925
vt 0.825312 0.891848
vt 0.826931 0.891456
vt 0.825133 0.895367
vt 0.828363 0.894694
vt 0.828480 0.895094
vt 0.828210 0.894283
vt 0.827297 0.892312
vt 0.827779 0.893278
vt 0.825075 0.893153
vt 0.825065 0.894263
vt 0.828045 0.893864
vt 0.825139 0.894909
vt 0.828554 0.895561
vt 0.693409 0.901386
vt 0.690871 0.896645
vt 0.692367 0.894535
vt 0.697981 0.896231
vt 0.690075 0.895152
vt 0.690582 0.893990
vt 0.690811 0.892747
vt 0.692299 0.891956
vt 0.697026 0.889426
vt 0.690200 0.890465
vt 0.691898 0.884928
vt 0.689653 0.892240
vt 0.688412 0.892007
vt 0.687635 0.890523
vt 0.685283 0.885925
vt 0.686107 0.892602
vt 0.680274 0.890730
vt 0.687899 0.893163
vt 0.687663 0.894411
vt 0.686159 0.895204
vt 0.681355 0.897761
vt 0.688279 0.896712
vt 0.686576 0.902343
vt 0.688827 0.894921
vt 0.917230 0.563503
vt 0.917828 0.562198
vt 0.919057 0.562369
vt 0.918531 0.562940
vt 0.918459 0.563002
vt 0.918348 0.563095
vt 0.918135 0.563288
vt 0.917757 0.563680
vt 0.917706 0.565322
vt 0.916922 0.564909
vt 0.917688 0.564520
vt 0.917676 0.564583
vt 0.689240 0.893579
vt 0.922488 0.571605
vt 0.929243 0.586710
vt 0.909898 0.587910
vt 0.915911 0.572627
vt 0.946277 0.630513
vt 0.890803 0.631359
vt 0.850504 0.591961
vt 0.895323 0.574815
vt 0.910656 0.568205
vt 0.926126 0.559975
vt 0.941507 0.553466
vt 0.942067 0.572531
vt 0.926601 0.566465
vt 0.985608 0.537176
vt 0.984771 0.591691
vt 0.914557 0.555857
vt 0.908024 0.540440
vt 0.927772 0.540012
vt 0.921474 0.555227
vt 0.891517 0.495341
vt 0.947823 0.496964
vt 0.894358 0.554875
vt 0.909689 0.561115
vt 0.850504 0.534895
vt 0.915339 0.565825
vt 0.915283 0.562889
vt 0.917001 0.560550
vt 0.920001 0.560510
vt 0.919093 0.562339
vt 0.922515 0.562366
vt 0.922473 0.562331
vt 0.922447 0.562316
vt 0.922283 0.562213
vt 0.921960 0.562103
vt 0.921922 0.562093
vt 0.921449 0.561988
vt 0.921371 0.561975
vt 0.920581 0.562010
vt 0.919677 0.562195
vt 0.919474 0.562243
vt 0.922939 0.565294
vt 0.922874 0.564742
vt 0.922721 0.563488
vt 0.920966 0.567636
vt 0.921814 0.566813
vt 0.922657 0.565774
vt 0.922683 0.565730
vt 0.919492 0.567566
vt 0.917711 0.567541
vt 0.918015 0.566074
vt 0.918313 0.566288
vt 0.918592 0.566691
vt 0.918659 0.566776
vt 0.919048 0.567207
vt 0.919709 0.567709
vt 0.920342 0.567700
vt 0.920903 0.567641
vt 0.917736 0.565358
vt 0.917799 0.565599
vt 0.917837 0.565746
vt 0.622594 0.922612
vt 0.666477 0.904696
vt 0.680746 0.917714
vt 0.661977 0.961282
vt 0.700341 0.916717
vt 0.717767 0.961282
vt 0.659118 0.824952
vt 0.677427 0.869683
vt 0.665471 0.885615
vt 0.620975 0.867521
vt 0.758098 0.864490
vt 0.712657 0.882304
vt 0.697909 0.868751
vt 0.717204 0.823741
vt 0.713638 0.902238
vt 0.757883 0.921660
vt 0.918333 0.564782
vt 0.918469 0.563079
vt 0.921768 0.565669
vt 0.922184 0.565726
vt 0.921339 0.565579
vt 0.921945 0.562341
vt 0.919725 0.562609
vt 0.919251 0.565001
vt 0.920816 0.562417
vt 0.920279 0.565310
vt 0.921487 0.562405
vt 0.920898 0.565479
vt 0.922664 0.565732
vt 0.256628 0.951661
vt 0.246130 0.969683
vt 0.226135 0.963388
vt 0.229931 0.955767
vt 0.229933 0.955766
vt 0.231496 0.956382
vt 0.235457 0.956748
vt 0.240552 0.955144
vt 0.245399 0.952873
vt 0.249473 0.948653
vt 0.208572 0.952628
vt 0.214590 0.932463
vt 0.222859 0.935968
vt 0.222432 0.938004
vt 0.221901 0.941159
vt 0.223731 0.947001
vt 0.226240 0.952629
vt 0.225141 0.914794
vt 0.245192 0.921208
vt 0.241373 0.928894
vt 0.241371 0.928895
vt 0.239788 0.928274
vt 0.235766 0.927912
vt 0.230579 0.929517
vt 0.225595 0.931808
vt 0.222863 0.935968
vt 0.262738 0.931957
vt 0.249474 0.948651
vt 0.249524 0.946771
vt 0.249697 0.943553
vt 0.247730 0.937694
vt 0.245121 0.932054
vt 0.260120 0.888131
vt 0.289765 0.921713
vt 0.214954 0.887671
vt 0.502383 0.891374
vt 0.547405 0.891374
vt 0.536952 0.918318
vt 0.517111 0.924772
vt 0.472022 0.924617
vt 0.498966 0.935070
vt 0.526335 0.945687
vt 0.505419 0.954910
vt 0.547250 0.936464
vt 0.553704 0.956305
vt 0.535558 0.966602
vt 0.515717 0.973056
vt 0.550286 1.000000
vt 0.505264 1.000000
vt 0.580648 0.966757
vt 0.211264 0.996556
vt 0.181371 0.962927
vt 0.256471 0.996713
vt 0.289765 0.966434
vt 0.472022 0.969638
vt 0.580648 0.921736
vt 0.181343 0.917749
vt 0.235638 0.942438
vt 0.241157 0.930558
vt 0.247583 0.947809
vt 0.224191 0.937455
vt 0.230149 0.954124
vt 0.354695 0.969353
vt 0.334854 0.962899
vt 0.344078 0.941984
vt 0.364993 0.951207
vt 0.316709 0.952601
vt 0.323162 0.932760
vt 0.333460 0.914615
vt 0.353301 0.921068
vt 0.371447 0.931366
vt 0.368029 0.887671
vt 0.398391 0.920913
vt 0.323008 0.887671
vt 0.929806 0.632179
vt 0.959116 0.665984
vt 0.932113 0.676029
vt 0.914686 0.665193
vt 0.884504 0.631359
vt 0.894595 0.658643
vt 0.892208 0.679926
vt 0.883894 0.676361
vt 0.910838 0.672863
vt 0.910836 0.672864
vt 0.909243 0.672234
vt 0.905187 0.671854
vt 0.900003 0.673441
vt 0.894997 0.675725
vt 0.892211 0.679926
vt 0.914591 0.676050
vt 0.925885 0.695590
vt 0.918810 0.692558
vt 0.918812 0.692555
vt 0.918874 0.690680
vt 0.919070 0.687470
vt 0.917159 0.681665
vt 0.915368 0.713447
vt 0.895384 0.707299
vt 0.898951 0.699217
vt 0.901002 0.699699
vt 0.904801 0.700406
vt 0.909884 0.698907
vt 0.914708 0.696728
vt 0.877761 0.696645
vt 0.891764 0.681990
vt 0.891211 0.685200
vt 0.892989 0.691101
vt 0.895432 0.696829
vt 0.898951 0.699214
vt 0.880633 0.740478
vt 0.850504 0.706969
vt 0.925671 0.740396
vt 0.320127 0.996297
vt 0.289765 0.963054
vt 0.365148 0.996297
vt 0.398391 0.965935
vt 0.850504 0.661462
vt 0.958780 0.710430
vt 0.289765 0.918032
vt 0.893552 0.681437
vt 0.910616 0.674539
vt 0.916931 0.691703
vt 0.900357 0.697895
vt 0.905184 0.686414
vt 0.300040 0.702962
vt 0.300294 0.704707
vt 0.294140 0.707222
vt 0.293637 0.705780
vt 0.301227 0.709258
vt 0.294715 0.711089
vt 0.290916 0.713122
vt 0.290146 0.711094
vt 0.289198 0.709915
vt 0.281830 0.741746
vt 0.284343 0.741429
vt 0.290534 0.760696
vt 0.288740 0.761828
vt 0.287812 0.740993
vt 0.293044 0.759375
vt 0.297793 0.767096
vt 0.297561 0.769250
vt 0.296943 0.770628
vt 0.309179 0.774601
vt 0.308982 0.772850
vt 0.316368 0.771991
vt 0.317134 0.773595
vt 0.308728 0.768216
vt 0.316001 0.767584
vt 0.321006 0.765846
vt 0.322518 0.768446
vt 0.324094 0.769771
vt 0.304043 0.728760
vt 0.303056 0.720709
vt 0.311725 0.719013
vt 0.315275 0.736683
vt 0.313631 0.733977
vt 0.311689 0.730423
vt 0.309211 0.729566
vt 0.308430 0.708018
vt 0.313724 0.708420
vt 0.318885 0.717190
vt 0.323897 0.735992
vt 0.315550 0.737215
vt 0.315549 0.737211
vt 0.307572 0.756691
vt 0.316413 0.756145
vt 0.314381 0.742705
vt 0.315520 0.737930
vt 0.306720 0.748634
vt 0.309949 0.747165
vt 0.313568 0.745118
vt 0.323692 0.756076
vt 0.075942 0.692388
vt 0.078508 0.679800
vt 0.081086 0.680784
vt 0.077230 0.692778
vt 0.087216 0.677833
vt 0.083762 0.671159
vt 0.095048 0.674643
vt 0.094266 0.677378
vt 0.091349 0.676789
vt 0.089440 0.677166
vt 0.098194 0.681144
vt 0.106648 0.677206
vt 0.105988 0.687763
vt 0.100988 0.687116
vt 0.098744 0.681901
vt 0.102959 0.700570
vt 0.099621 0.699546
vt 0.332189 0.735055
vt 0.329023 0.735429
vt 0.322743 0.715271
vt 0.325172 0.713965
vt 0.314518 0.705518
vt 0.315702 0.703835
vt 0.327954 0.756897
vt 0.330656 0.757527
vt 0.070414 0.714002
vt 0.054993 0.727125
vt 0.048302 0.707965
vt 0.071268 0.703916
vt 0.020690 0.764877
vt 0.000000 0.724303
vt 0.000000 0.668637
vt 0.051371 0.684619
vt 0.123580 0.663318
vt 0.131150 0.683510
vt 0.160655 0.631019
vt 0.180773 0.669533
vt 0.180582 0.724722
vt 0.128232 0.708448
vt 0.116503 0.730706
vt 0.098235 0.713003
vt 0.149472 0.770364
vt 0.111015 0.790699
vt 0.098803 0.743045
vt 0.092759 0.721992
vt 0.079740 0.713842
vt 0.082386 0.714931
vt 0.081619 0.717485
vt 0.073904 0.704369
vt 0.076285 0.710113
vt 0.076665 0.710626
vt 0.077221 0.692853
vt 0.099619 0.699550
vt 0.093569 0.710834
vt 0.087235 0.713880
vt 0.082774 0.714873
vt 0.062072 0.663524
vt 0.031552 0.622668
vt 0.071672 0.600991
vt 0.078499 0.651558
vt 0.102133 0.651228
vt 0.120911 0.603018
vt 0.210009 0.637719
vt 0.254139 0.677403
vt 0.234097 0.707612
vt 0.182198 0.692523
vt 0.269183 0.695449
vt 0.255701 0.714909
vt 0.252102 0.745540
vt 0.230402 0.748319
vt 0.181343 0.754604
vt 0.395513 0.865956
vt 0.358994 0.803138
vt 0.383729 0.772388
vt 0.452415 0.807957
vt 0.347254 0.782610
vt 0.360831 0.761985
vt 0.364951 0.730921
vt 0.389739 0.727736
vt 0.457614 0.718967
vt 0.372592 0.686146
vt 0.429920 0.634351
vt 0.353111 0.702001
vt 0.334789 0.685548
vt 0.340922 0.662746
vt 0.360272 0.592817
vt 0.074240 0.740817
vt 0.062351 0.791183
vt 0.244242 0.786770
vt 0.197818 0.814470
vt 0.263303 0.774257
vt 0.281250 0.789672
vt 0.271255 0.810936
vt 0.238564 0.860511
vt 0.314857 0.817766
vt 0.312545 0.887671
vt 0.298080 0.796849
vt 0.311715 0.795918
vt 0.327953 0.795102
vt 0.299244 0.757962
vt 0.301976 0.768099
vt 0.295049 0.740111
vt 0.295050 0.740116
vt 0.295379 0.740914
vt 0.296960 0.743442
vt 0.298960 0.746992
vt 0.301427 0.747827
vt 0.306712 0.748637
vt 0.288270 0.721811
vt 0.294637 0.721596
vt 0.295143 0.739054
vt 0.296272 0.734652
vt 0.304035 0.728759
vt 0.300736 0.730241
vt 0.297103 0.732260
vt 0.285501 0.721166
vt 0.283476 0.720522
vt 0.302399 0.771980
vt 0.302278 0.773501
vt 0.294586 0.659781
vt 0.274667 0.592817
vt 0.312988 0.678373
vt 0.297083 0.681697
vt 0.283657 0.684248
vt 0.322073 0.697171
vt 0.321242 0.698329
vt 0.310482 0.695948
vt 0.310814 0.694689
vt 0.320259 0.699432
vt 0.310019 0.697165
vt 0.299555 0.698262
vt 0.299406 0.697068
vt 0.299197 0.695831
vt 0.293774 0.777173
vt 0.294265 0.775952
vt 0.301389 0.778886
vt 0.301212 0.780030
vt 0.294764 0.774807
vt 0.301562 0.777783
vt 0.309904 0.779267
vt 0.310063 0.780459
vt 0.310174 0.781708
vt 0.284471 0.704380
vt 0.285255 0.705437
vt 0.275979 0.717780
vt 0.274401 0.717085
vt 0.286028 0.706420
vt 0.277495 0.718412
vt 0.274423 0.742688
vt 0.272546 0.742927
vt 0.270591 0.743176
vt 0.331965 0.774591
vt 0.330865 0.773683
vt 0.340703 0.759959
vt 0.342467 0.760543
vt 0.329631 0.772865
vt 0.338793 0.759408
vt 0.341563 0.733896
vt 0.343784 0.733617
vt 0.345840 0.733357
vt 0.334218 0.709059
vt 0.335770 0.708049
vt 0.332519 0.710076
vt 0.321058 0.778729
vt 0.321700 0.779862
vt 0.320300 0.777670
vt 0.282187 0.766367
vt 0.280836 0.767437
vt 0.283493 0.765375
vt 0.291410 0.700791
vt 0.290949 0.699729
vt 0.291857 0.701815
vt 0.317780 0.701579
vt 0.316775 0.702614
vt 0.308367 0.700574
vt 0.308772 0.699455
vt 0.307995 0.701911
vt 0.299841 0.701645
vt 0.299702 0.700543
vt 0.295772 0.772729
vt 0.296296 0.771755
vt 0.302068 0.774688
vt 0.301893 0.775700
vt 0.309322 0.775925
vt 0.309467 0.777024
vt 0.287531 0.708178
vt 0.288286 0.708988
vt 0.281768 0.719982
vt 0.280358 0.719500
vt 0.279716 0.742014
vt 0.277967 0.742237
vt 0.326682 0.771421
vt 0.325445 0.770676
vt 0.332635 0.757969
vt 0.334411 0.758370
vt 0.334456 0.734778
vt 0.336493 0.734526
vt 0.326961 0.713032
vt 0.328566 0.712193
vt 0.317835 0.774793
vt 0.318512 0.775772
vt 0.287226 0.762780
vt 0.285985 0.763602
vt 0.293132 0.704684
vt 0.292706 0.703748
vt 0.297370 0.687280
vt 0.285762 0.693315
vt 0.298431 0.692077
vt 0.288996 0.696906
vt 0.281479 0.702225
vt 0.277087 0.701081
vt 0.261386 0.744352
vt 0.272194 0.770511
vt 0.265757 0.743794
vt 0.276781 0.769544
vt 0.291427 0.780012
vt 0.287470 0.782228
vt 0.310577 0.790443
vt 0.326987 0.786905
vt 0.310387 0.785533
vt 0.323936 0.782952
vt 0.335411 0.776241
vt 0.339846 0.776907
vt 0.355385 0.732144
vt 0.344646 0.705567
vt 0.350898 0.732716
vt 0.340140 0.706205
vt 0.324979 0.694703
vt 0.329088 0.692935
vt 0.351717 0.760685
vt 0.347179 0.761215
vt 0.265254 0.716291
vt 0.269941 0.716069
vt 0.297821 0.787545
vt 0.300039 0.783254
vt 0.314134 0.686541
vt 0.312189 0.691135
vt 0.298942 0.694446
vt 0.290385 0.698585
vt 0.283508 0.703258
vt 0.268494 0.743444
vt 0.279288 0.768562
vt 0.293127 0.778501
vt 0.310280 0.783113
vt 0.322424 0.781082
vt 0.333202 0.775522
vt 0.348032 0.733080
vt 0.337497 0.707008
vt 0.323030 0.695959
vt 0.344409 0.761112
vt 0.272617 0.716386
vt 0.300957 0.781279
vt 0.311204 0.693326
vt 0.299629 0.699426
vt 0.292287 0.702803
vt 0.286788 0.707333
vt 0.276229 0.742458
vt 0.284758 0.764454
vt 0.295267 0.773733
vt 0.309680 0.778123
vt 0.319380 0.776701
vt 0.328149 0.772127
vt 0.338968 0.734219
vt 0.330505 0.711181
vt 0.319017 0.700523
vt 0.336554 0.758853
vt 0.278953 0.718984
vt 0.301728 0.776720
vt 0.309376 0.698335
vt 0.307662 0.703659
vt 0.086171 0.695488
vt 0.080525 0.711333
vt 0.090554 0.678983
vt 0.310501 0.731943
vt 0.304407 0.731996
vt 0.298618 0.733434
vt 0.298626 0.739581
vt 0.300129 0.745473
vt 0.306168 0.745422
vt 0.312040 0.743946
vt 0.312045 0.737839
vt 0.305307 0.738711
vt 0.911925 0.771065
vt 0.893064 0.763748
vt 0.914317 0.740478
vt 0.924627 0.763856
vt 0.881143 0.754749
vt 0.867865 0.766605
vt 0.850504 0.762670
vt 0.861110 0.740478
vt 0.903300 0.906314
vt 0.892693 0.884122
vt 0.910054 0.880187
vt 0.923332 0.892043
vt 0.945832 0.740478
vt 0.938515 0.759339
vt 0.969102 0.761731
vt 0.945724 0.772041
vt 0.913973 0.865028
vt 0.935253 0.870529
vt 0.917892 0.849868
vt 0.935253 0.845933
vt 0.969102 0.793246
vt 0.950241 0.785929
vt 0.947849 0.816516
vt 0.937539 0.793138
vt 0.904614 0.838012
vt 0.924647 0.823741
vt 0.882458 0.823051
vt 0.862425 0.808780
vt 0.875703 0.796924
vt 0.893064 0.800859
vt 0.916334 0.816516
vt 0.923651 0.797655
vt 0.893064 0.795263
vt 0.916442 0.784953
vt 0.871784 0.781764
vt 0.893064 0.776263
vt 0.931083 0.778497
vt 0.892693 0.859526
vt 0.850504 0.787266
s 0
usemtl cyan_glow
f 905/1063/634 897/1064/634 906/1065/634 928/1066/634 927/1067/634 931/1068/634 930/1069/634 929/1070/634 932/1071/634 933/1072/634
f 906/1065/635 898/1073/635 907/1074/635 938/1075/635 936/1076/635 937/1077/635 935/1078/635 934/1079/635 928/1066/635
f 907/1074/636 900/1080/636 908/1081/636 945/1082/636 944/1083/636 942/1084/636 943/1085/636 939/1086/636 940/1087/636 941/1088/636 938/1075/636
f 945/1082/637 908/1081/637 899/1089/637 905/1063/637 933/1072/637 946/1090/637 947/1091/637 950/1092/637 949/1093/637 948/1094/637
f 899/1089/638 908/1081/638 918/1095/638 909/1096/638
f 908/1081/639 900/1080/639 910/1097/639 918/1095/639
f 918/1098/640 910/1099/640 904/1100/640 911/1101/640
f 909/1102/641 918/1098/641 911/1101/641 903/1103/641
f 903/1103/642 911/1101/642 919/1104/642 912/1105/642
f 911/1101/643 904/1100/643 913/1106/643 919/1104/643
f 919/1104/644 913/1106/644 902/1107/644 914/1108/644
f 912/1105/645 919/1104/645 914/1108/645 901/1109/645
f 901/1109/646 914/1108/646 920/1110/646 915/1111/646
f 914/1108/647 902/1107/647 916/1112/647 920/1110/647
f 920/1113/648 916/1114/648 898/1073/648 906/1065/648
f 915/1115/649 920/1113/649 906/1065/649 897/1064/649
f 899/1089/650 909/1096/650 921/1116/650 905/1063/650
f 909/1102/651 903/1103/651 912/1105/651 921/1117/651
f 921/1117/652 912/1105/652 901/1109/652 915/1111/652
f 905/1063/653 921/1116/653 915/1115/653 897/1064/653
f 904/1100/654 910/1099/654 923/1118/654 913/1106/654
f 910/1097/655 900/1080/655 907/1074/655 923/1119/655
f 923/1119/656 907/1074/656 898/1073/656 916/1114/656
f 913/1106/657 923/1118/657 916/1112/657 902/1107/657
f 926/1120/658 922/1121/658 948/1094/658 949/1093/658 950/1092/658 917/1122/658
f 922/1121/659 926/1120/659 924/1123/659 940/1087/659 939/1086/659 943/1085/659
f 924/1123/660 926/1120/660 925/1124/660 934/1079/660 935/1078/660 937/1077/660
f 925/1124/661 926/1120/661 917/1122/661 932/1071/661 929/1070/661 930/1069/661
f 932/1071/662 917/1122/662 946/1090/662 933/1072/662
f 947/1091/663 946/1090/663 917/1122/663 950/1092/663
f 948/1094/664 922/1121/664 944/1083/664 945/1082/664
f 942/1084/665 944/1083/665 922/1121/665 943/1085/665
f 940/1087/666 924/1123/666 941/1088/666
f 924/1123/667 937/1077/667 936/1076/667 938/1075/667 941/1088/667
f 925/1124/668 927/1067/668 928/1066/668 934/1079/668
f 927/1067/669 925/1124/669 930/1069/669 931/1068/669
f 951/1125/670 960/1126/670 971/1127/670 959/1128/670
f 960/1126/671 952/1129/671 961/1130/671 971/1127/671
f 971/1127/672 961/1130/672 954/1131/672 962/1132/672
f 959/1128/673 971/1127/673 962/1132/673 953/1133/673
f 953/1133/638 962/1132/638 972/1134/638 963/1135/638
f 962/1132/639 954/1131/639 964/1136/639 972/1134/639
f 972/1137/640 964/1138/640 958/1139/640 965/1140/640
f 963/1141/641 972/1137/641 965/1140/641 957/1142/641
f 988/1143/674 966/1144/674 957/1142/674 965/1140/674 984/1145/674 985/1146/674 983/1147/674 982/1148/674 981/1149/674 986/1150/674 987/1151/674
f 992/1152/675 984/1145/675 965/1140/675 958/1139/675 967/1153/675 991/1154/675 989/1155/675 990/1156/675 994/1157/675 993/1158/675
f 991/1154/676 967/1153/676 956/1159/676 968/1160/676 999/1161/676 998/1162/676 997/1163/676 995/1164/676 996/1165/676
f 968/1160/677 955/1166/677 966/1144/677 988/1143/677 1003/1167/677 1004/1168/677 1000/1169/677 1001/1170/677 1002/1171/677 999/1161/677
f 955/1166/646 968/1160/646 974/1172/646 969/1173/646
f 968/1160/647 956/1159/647 970/1174/647 974/1172/647
f 974/1175/648 970/1176/648 952/1129/648 960/1126/648
f 969/1177/649 974/1175/649 960/1126/649 951/1125/649
f 953/1133/650 963/1135/650 975/1178/650 959/1128/650
f 963/1141/651 957/1142/651 966/1144/651 975/1179/651
f 975/1179/652 966/1144/652 955/1166/652 969/1173/652
f 959/1128/653 975/1178/653 969/1177/653 951/1125/653
f 958/1139/654 964/1138/654 977/1180/654 967/1153/654
f 964/1136/655 954/1131/655 961/1130/655 977/1181/655
f 977/1181/656 961/1130/656 952/1129/656 970/1176/656
f 967/1153/657 977/1180/657 970/1174/657 956/1159/657
f 987/1151/678 973/1182/678 1004/1168/678 1003/1167/678 988/1143/678
f 986/1150/679 973/1182/679 987/1151/679
f 976/1183/680 982/1148/680 983/1147/680 985/1146/680
f 992/1152/681 976/1183/681 985/1146/681 984/1145/681
f 990/1156/682 989/1155/682 978/1184/682 994/1157/682
f 978/1184/683 989/1155/683 991/1154/683 996/1165/683
f 979/1185/684 997/1163/684 998/1162/684 999/1161/684 1002/1171/684
f 979/1185/685 1002/1171/685 1001/1170/685
f 978/1184/686 980/1186/686 976/1183/686 992/1152/686 993/1158/686 994/1157/686
f 982/1148/687 976/1183/687 980/1186/687 973/1182/687 986/1150/687 981/1149/687
f 980/1186/688 979/1185/688 1001/1170/688 1000/1169/688 1004/1168/688 973/1182/688
f 997/1163/689 979/1185/689 980/1186/689 978/1184/689 996/1165/689 995/1164/689
f 1323/1517/670 1332/1518/670 1343/1519/670 1331/1520/670
f 1332/1521/671 1324/1522/671 1333/1523/671 1343/1524/671
f 1343/1525/672 1333/1526/672 1326/1527/672 1334/1528/672
f 1331/1520/673 1343/1519/673 1334/1529/673 1325/1530/673
f 1325/1530/638 1334/1529/638 1344/1531/638 1335/1532/638
f 1334/1528/639 1326/1527/639 1336/1533/639 1344/1534/639
f 1344/1534/640 1336/1533/640 1330/1535/640 1337/1536/640
f 1335/1532/641 1344/1531/641 1337/1537/641 1329/1538/641
f 1329/1538/642 1337/1537/642 1345/1539/642 1338/1540/642
f 1337/1536/643 1330/1535/643 1339/1541/643 1345/1542/643
f 1345/1543/644 1339/1544/644 1328/1545/644 1340/1546/644
f 1338/1540/645 1345/1539/645 1340/1547/645 1327/1548/645
f 1327/1548/646 1340/1547/646 1346/1549/646 1341/1550/646
f 1340/1546/647 1328/1545/647 1342/1551/647 1346/1552/647
f 1346/1552/648 1342/1551/648 1324/1522/648 1332/1521/648
f 1341/1550/649 1346/1549/649 1332/1518/649 1323/1517/649
f 1325/1530/650 1335/1532/650 1347/1553/650 1331/1520/650
f 1335/1532/651 1329/1538/651 1338/1540/651 1347/1553/651
f 1347/1553/652 1338/1540/652 1327/1548/652 1341/1550/652
f 1331/1520/653 1347/1553/653 1341/1550/653 1323/1517/653
f 1330/1535/654 1336/1533/654 1348/1554/654 1339/1541/654
f 1336/1533/655 1326/1527/655 1333/1526/655 1348/1554/655
f 1348/1555/656 1333/1523/656 1324/1522/656 1342/1551/656
f 1339/1544/657 1348/1555/657 1342/1551/657 1328/1545/657
usemtl metallic_black
f 153/189/103 179/190/103 197/191/103 176/192/103
f 179/193/104 157/194/104 178/195/104 197/191/104
f 197/191/105 178/195/105 159/196/105 175/197/105
f 176/192/106 197/191/106 175/197/106 155/198/106
f 163/199/107 183/200/107 198/201/107 188/202/107
f 183/200/108 155/198/108 175/197/108 198/201/108
f 198/203/109 175/197/109 159/196/109 172/204/109
f 188/205/110 198/203/110 172/204/110 161/206/110
f 161/206/111 172/204/111 199/207/111 187/208/111
f 172/204/112 159/196/112 178/195/112 199/207/112
f 199/207/113 178/195/113 157/194/113 184/209/113
f 187/208/114 199/207/114 184/209/114 164/210/114
f 158/211/115 170/212/115 200/213/115 169/214/115
f 170/215/116 154/216/116 180/217/116 200/218/116
f 200/218/117 180/217/117 156/219/117 177/220/117
f 169/214/118 200/213/118 177/221/118 160/222/118
f 162/223/119 182/224/119 201/225/119 186/226/119
f 182/224/120 153/189/120 176/192/120 201/225/120
f 201/225/121 176/192/121 155/198/121 183/200/121
f 186/226/122 201/225/122 183/200/122 163/199/122
f 164/210/123 184/209/123 202/227/123 185/228/123
f 184/209/124 157/194/124 179/193/124 202/227/124
f 202/229/125 179/190/125 153/189/125 182/224/125
f 185/230/126 202/229/126 182/224/126 162/223/126
f 165/231/127 189/232/127 203/233/127 195/234/127
f 189/232/127 162/223/127 186/226/127 203/233/127
f 203/233/128 186/226/128 163/199/128 190/235/128
f 195/234/128 203/233/128 190/235/128 166/236/128
f 168/237/129 181/238/129 204/239/129 194/240/129
f 181/238/129 161/206/129 187/208/129 204/239/129
f 204/239/130 187/208/130 164/210/130 191/241/130
f 194/240/130 204/239/130 191/241/130 167/242/130
f 166/236/131 190/235/131 205/243/131 193/244/131
f 190/235/131 163/199/131 188/202/131 205/243/131
f 205/245/132 188/205/132 161/206/132 181/238/132
f 193/246/132 205/245/132 181/238/132 168/237/132
f 156/219/133 173/247/133 206/248/133 177/220/133
f 173/247/134 166/236/134 193/244/134 206/248/134
f 206/249/135 193/246/135 168/237/135 192/250/135
f 177/221/136 206/249/136 192/250/136 160/222/136
f 160/222/137 192/250/137 207/251/137 169/214/137
f 192/250/138 168/237/138 194/240/138 207/251/138
f 207/251/139 194/240/139 167/242/139 174/252/139
f 169/214/140 207/251/140 174/252/140 158/211/140
f 154/216/141 171/253/141 208/254/141 180/217/141
f 171/253/142 165/231/142 195/234/142 208/254/142
f 208/254/143 195/234/143 166/236/143 173/247/143
f 180/217/144 208/254/144 173/247/144 156/219/144
f 158/211/145 174/252/145 209/255/145 170/212/145
f 174/252/146 167/242/146 196/256/146 209/255/146
f 209/257/147 196/258/147 165/231/147 171/253/147
f 170/215/148 209/257/148 171/253/148 154/216/148
f 167/242/149 191/241/149 210/259/149 196/256/149
f 191/241/149 164/210/149 185/228/149 210/259/149
f 210/260/150 185/230/150 162/223/150 189/232/150
f 196/258/150 210/260/150 189/232/150 165/231/150
f 211/261/151 237/262/151 255/263/151 234/264/151
f 237/265/152 215/266/152 236/267/152 255/263/152
f 255/263/153 236/267/153 217/268/153 233/269/153
f 234/264/154 255/263/154 233/269/154 213/270/154
f 221/271/155 241/272/155 256/273/155 246/274/155
f 241/272/156 213/270/156 233/269/156 256/273/156
f 256/275/157 233/269/157 217/268/157 230/276/157
f 246/277/158 256/275/158 230/276/158 219/278/158
f 219/278/159 230/276/159 257/279/159 245/280/159
f 230/276/160 217/268/160 236/267/160 257/279/160
f 257/279/161 236/267/161 215/266/161 242/281/161
f 245/280/162 257/279/162 242/281/162 222/282/162
f 216/283/163 228/284/163 258/285/163 227/286/163
f 228/287/164 212/288/164 238/289/164 258/290/164
f 258/290/165 238/289/165 214/291/165 235/292/165
f 227/286/166 258/285/166 235/293/166 218/294/166
f 220/295/167 240/296/167 259/297/167 244/298/167
f 240/296/168 211/261/168 234/264/168 259/297/168
f 259/297/169 234/264/169 213/270/169 241/272/169
f 244/298/170 259/297/170 241/272/170 221/271/170
f 222/282/171 242/281/171 260/299/171 243/300/171
f 242/281/172 215/266/172 237/265/172 260/299/172
f 260/301/173 237/262/173 211/261/173 240/296/173
f 243/302/174 260/301/174 240/296/174 220/295/174
f 223/303/175 247/304/175 261/305/175 253/306/175
f 247/304/175 220/295/175 244/298/175 261/305/175
f 261/305/176 244/298/176 221/271/176 248/307/176
f 253/306/176 261/305/176 248/307/176 224/308/176
f 226/309/177 239/310/177 262/311/177 252/312/177
f 239/310/177 219/278/177 245/280/177 262/311/177
f 262/311/178 245/280/178 222/282/178 249/313/178
f 252/312/178 262/311/178 249/313/178 225/314/178
f 224/308/179 248/307/179 263/315/179 251/316/179
f 248/307/179 221/271/179 246/274/179 263/315/179
f 263/317/180 246/277/180 219/278/180 239/310/180
f 251/318/180 263/317/180 239/310/180 226/309/180
f 214/291/181 231/319/181 264/320/181 235/292/181
f 231/319/182 224/308/182 251/316/182 264/320/182
f 264/321/183 251/318/183 226/309/183 250/322/183
f 235/293/184 264/321/184 250/322/184 218/294/184
f 218/294/185 250/322/185 265/323/185 227/286/185
f 250/322/186 226/309/186 252/312/186 265/323/186
f 265/323/187 252/312/187 225/314/187 232/324/187
f 227/286/188 265/323/188 232/324/188 216/283/188
f 212/288/189 229/325/189 266/326/189 238/289/189
f 229/325/190 223/303/190 253/306/190 266/326/190
f 266/326/191 253/306/191 224/308/191 231/319/191
f 238/289/192 266/326/192 231/319/192 214/291/192
f 216/283/193 232/324/193 267/327/193 228/284/193
f 232/324/194 225/314/194 254/328/194 267/327/194
f 267/329/195 254/330/195 223/303/195 229/325/195
f 228/287/196 267/329/196 229/325/196 212/288/196
f 225/314/197 249/313/197 268/331/197 254/328/197
f 249/313/197 222/282/197 243/300/197 268/331/197
f 268/332/198 243/302/198 220/295/198 247/304/198
f 254/330/198 268/332/198 247/304/198 223/303/198
f 315/333/199 312/334/199 313/335/199 269/336/199 284/337/199 303/338/199
f 284/339/200 271/340/200 285/341/200 303/342/200
f 303/342/201 285/341/201 273/343/201 286/344/201
f 303/338/202 286/345/202 319/346/202 318/347/202 316/348/202 317/349/202 315/333/202
f 280/350/203 302/351/203 304/352/203 342/353/203 341/354/203 340/355/203
f 302/356/204 281/357/204 287/358/204 304/359/204
f 304/359/205 287/358/205 279/360/205 288/361/205
f 343/362/206 342/353/206 304/352/206 288/363/206 344/364/206 345/365/206 346/366/206
f 344/364/207 288/363/207 305/367/207 350/368/207 349/369/207 348/370/207 347/371/207
f 288/361/208 279/360/208 289/372/208 305/373/208
f 305/373/209 289/372/209 276/374/209 290/375/209
f 350/368/210 305/367/210 290/376/210 353/377/210 352/378/210 351/379/210
f 320/380/211 321/381/211 282/382/211 301/383/211 306/384/211 322/385/211
f 301/386/212 283/387/212 294/388/212 306/389/212
f 306/389/213 294/388/213 271/340/213 284/339/213
f 323/390/214 322/385/214 306/384/214 284/337/214 269/336/214 325/391/214 326/392/214 324/393/214
f 354/394/215 355/395/215 280/350/215 340/355/215 356/396/215 357/397/215
f 358/398/216 282/382/216 361/399/216 360/400/216 359/401/216
f 281/357/217 296/402/217 307/403/217 300/404/217
f 296/402/218 273/343/218 285/341/218 307/403/218
f 307/403/219 285/341/219 271/340/219 294/388/219
f 300/404/220 307/403/220 294/388/220 283/387/220
f 279/360/221 287/358/221 308/405/221 289/372/221
f 287/358/222 281/357/222 300/404/222 308/405/222
f 308/405/223 300/404/223 283/387/223 299/406/223
f 289/372/224 308/405/224 299/406/224 276/374/224
f 328/407/225 327/408/225 329/409/225
f 330/410/226 333/411/226 332/412/226 331/413/226 280/350/226 355/395/226 362/414/226
f 282/382/227 321/381/227 336/415/227 335/416/227 334/417/227 363/418/227 361/399/227
f 269/336/228 313/335/228 325/391/228
f 353/377/229 290/376/229 309/419/229 367/420/229 366/421/229 364/422/229 365/423/229
f 290/375/230 276/374/230 299/406/230 309/424/230
f 309/424/231 299/406/231 283/387/231 301/386/231
f 367/420/232 309/419/232 301/383/232 282/382/232 358/398/232 368/425/232
f 319/346/233 286/345/233 310/426/233 338/427/233 327/408/233 328/407/233 337/428/233
f 286/344/234 273/343/234 296/402/234 310/429/234
f 310/429/235 296/402/235 281/357/235 302/356/235
f 338/427/236 310/426/236 302/351/236 280/350/236 331/413/236 339/430/236
f 369/431/237 311/432/237 298/433/237 332/412/237 333/411/237 330/410/237 373/434/237 374/435/237 375/436/237 372/437/237 371/438/237 370/439/237
f 298/433/117 311/440/117 297/441/117 275/442/117
f 278/443/116 297/441/116 311/440/116 291/444/116
f 334/417/238 335/416/238 291/444/238 311/432/238 369/431/238 377/445/238 376/446/238
f 336/415/239 321/381/239 320/380/239 291/444/239 335/416/239
f 324/393/240 326/392/240 278/443/240 291/444/240 320/380/240 322/385/240 323/390/240
f 312/334/241 317/349/241 297/441/241 278/443/241 326/392/241 325/391/241 313/335/241
f 312/334/242 315/333/242 317/349/242
f 337/428/243 275/442/243 297/441/243 317/349/243 316/348/243 318/347/243 319/346/243
f 373/434/244 330/410/244 362/414/244
f 334/417/245 376/446/245 363/418/245
f 338/427/246 339/430/246 298/433/246 275/442/246 337/428/246 328/407/246 329/409/246 327/408/246
f 331/413/247 332/412/247 298/433/247 339/430/247
f 295/447/166 270/448/166 293/449/166 314/450/166
f 295/447/248 314/451/248 370/439/248 371/438/248 372/437/248 375/436/248 274/452/248
f 370/439/249 314/451/249 292/453/249 277/454/249 377/445/249 369/431/249
f 292/453/163 314/450/163 293/449/163 272/455/163
f 292/453/250 272/455/250 365/423/250 364/422/250 366/421/250 367/420/250 368/425/250
f 359/401/251 360/400/251 277/454/251 292/453/251 368/425/251 358/398/251
f 376/446/252 377/445/252 277/454/252 360/400/252 361/399/252 363/418/252
f 357/397/253 274/452/253 375/436/253 374/435/253 373/434/253 362/414/253 355/395/253 354/394/253
f 348/370/254 349/369/254 293/449/254 270/448/254 345/365/254 344/364/254 347/371/254
f 352/378/255 353/377/255 365/423/255 272/455/255 293/449/255 349/369/255 350/368/255 351/379/255
f 356/396/256 340/355/256 341/354/256 295/447/256 274/452/256 357/397/256
f 345/365/257 270/448/257 295/447/257 341/354/257 342/353/257 343/362/257 346/366/257
usemtl grey
f 399/456/258 456/457/258 477/458/258 450/459/258
f 456/460/259 398/461/259 429/462/259 477/463/259
f 477/463/260 429/462/260 389/464/260 428/465/260
f 450/459/261 477/458/261 428/466/261 388/467/261
f 392/468/262 435/469/262 478/470/262 440/471/262
f 435/469/263 380/472/263 418/473/263 478/470/263
f 478/474/264 418/475/264 384/476/264 415/477/264
f 440/478/265 478/474/265 415/477/265 391/479/265
f 391/479/266 415/477/266 479/480/266 439/481/266
f 415/477/267 384/476/267 421/482/267 479/480/267
f 479/480/268 421/482/268 382/483/268 436/484/268
f 439/481/269 479/480/269 436/484/269 393/485/269
f 383/486/270 413/487/270 480/488/270 412/489/270
f 413/490/271 379/491/271 423/492/271 480/493/271
f 480/493/272 423/492/272 381/494/272 420/495/272
f 412/489/273 480/488/273 420/496/273 385/497/273
f 390/498/274 433/499/274 481/500/274 438/501/274
f 433/499/275 378/502/275 419/503/275 481/500/275
f 481/500/276 419/503/276 380/472/276 435/469/276
f 438/501/277 481/500/277 435/469/277 392/468/277
f 393/485/278 436/484/278 482/504/278 437/505/278
f 436/484/279 382/483/279 422/506/279 482/504/279
f 482/507/280 422/508/280 378/502/280 433/499/280
f 437/509/281 482/507/281 433/499/281 390/498/281
f 426/510/282 388/467/282 428/466/282 508/511/282 509/512/282 511/513/282 510/514/282
f 508/515/283 428/465/283 389/464/283 427/516/283 513/517/283 512/518/283 514/519/283 515/520/283
f 427/516/284 387/521/284 424/522/284 518/523/284 517/524/284 516/525/284 513/517/284
f 518/526/285 424/527/285 386/528/285 426/510/285 510/514/285 519/529/285
f 401/530/286 455/531/286 483/532/286 452/533/286
f 455/534/287 400/535/287 431/536/287 483/537/287
f 483/537/288 431/536/288 386/528/288 424/527/288
f 452/533/289 483/532/289 424/522/289 387/521/289
f 398/461/290 454/538/290 484/539/290 429/462/290
f 454/538/291 401/530/291 452/533/291 484/539/291
f 484/539/292 452/533/292 387/521/292 427/516/292
f 429/462/293 484/539/293 427/516/293 389/464/293
f 400/535/294 453/540/294 485/541/294 431/536/294
f 453/540/295 399/456/295 450/459/295 485/541/295
f 485/541/296 450/459/296 388/467/296 426/510/296
f 431/536/297 485/541/297 426/510/297 386/528/297
f 404/542/149 459/543/149 486/544/149 468/545/149
f 459/543/149 393/485/149 437/505/149 486/544/149
f 486/546/150 437/509/150 390/498/150 457/547/150
f 468/548/150 486/546/150 457/547/150 402/549/150
f 402/549/298 457/547/298 487/550/298 467/551/298
f 457/547/299 390/498/299 438/501/299 487/550/299
f 487/550/300 438/501/300 392/468/300 458/552/300
f 467/551/301 487/550/301 458/552/301 403/553/301
f 405/554/302 434/555/302 488/556/302 466/557/302
f 434/555/303 391/479/303 439/481/303 488/556/303
f 488/556/304 439/481/304 393/485/304 459/543/304
f 466/557/305 488/556/305 459/543/305 404/542/305
f 392/468/306 440/471/306 489/558/306 446/559/306
f 440/478/307 391/479/307 445/560/307 489/561/307
f 489/561/308 445/560/308 397/562/308 444/563/308
f 446/559/309 489/558/309 444/564/309 394/565/309
f 406/566/310 461/567/310 490/568/310 465/569/310
f 461/567/311 394/565/311 444/564/311 490/568/311
f 490/570/312 444/563/312 397/562/312 443/571/312
f 465/572/313 490/570/313 443/571/313 407/573/313
f 405/554/314 460/574/314 491/575/314 464/576/314
f 460/574/315 385/497/315 447/577/315 491/575/315
f 491/575/316 447/577/316 396/578/316 462/579/316
f 464/576/317 491/575/317 462/579/317 407/573/317
f 385/497/318 420/496/318 492/580/318 447/577/318
f 420/495/319 381/494/319 448/581/319 492/582/319
f 492/582/320 448/581/320 395/583/320 442/584/320
f 447/577/321 492/580/321 442/585/321 396/578/321
f 403/553/322 458/552/322 493/586/322 463/587/322
f 458/552/323 392/468/323 446/559/323 493/586/323
f 493/586/324 446/559/324 394/565/324 461/567/324
f 463/587/325 493/586/325 461/567/325 406/566/325
f 411/588/326 476/589/326 494/590/326 451/591/326
f 476/589/327 408/592/327 469/593/327 494/590/327
f 494/590/328 469/593/328 399/456/328 453/540/328
f 451/591/329 494/590/329 453/540/329 400/535/329
f 410/594/330 475/595/330 495/596/330 449/597/330
f 475/595/331 409/598/331 470/599/331 495/596/331
f 495/596/332 470/599/332 401/530/332 454/538/332
f 449/597/333 495/596/333 454/538/333 398/461/333
f 409/598/334 474/600/334 496/601/334 470/599/334
f 474/602/335 411/588/335 451/591/335 496/603/335
f 496/603/336 451/591/336 400/535/336 455/534/336
f 470/599/337 496/601/337 455/531/337 401/530/337
f 408/592/338 473/604/338 497/605/338 469/593/338
f 473/606/339 410/594/339 449/597/339 497/607/339
f 497/607/340 449/597/340 398/461/340 456/460/340
f 469/593/341 497/605/341 456/457/341 399/456/341
f 381/494/342 416/608/342 498/609/342 448/581/342
f 416/608/343 403/553/343 463/587/343 498/609/343
f 498/609/344 463/587/344 406/566/344 441/610/344
f 448/581/345 498/609/345 441/610/345 395/583/345
f 391/479/346 434/555/346 499/611/346 445/560/346
f 434/555/347 405/554/347 464/576/347 499/611/347
f 499/611/348 464/576/348 407/573/348 443/571/348
f 445/560/349 499/611/349 443/571/349 397/562/349
f 395/583/350 441/610/350 500/612/350 442/584/350
f 441/610/351 406/566/351 465/569/351 500/612/351
f 500/613/352 465/572/352 407/573/352 462/579/352
f 442/585/353 500/613/353 462/579/353 396/578/353
f 385/497/354 460/574/354 501/614/354 412/489/354
f 460/574/355 405/554/355 466/557/355 501/614/355
f 501/614/356 466/557/356 404/542/356 417/615/356
f 412/489/357 501/614/357 417/615/357 383/486/357
f 379/491/358 414/616/358 502/617/358 423/492/358
f 414/616/359 402/549/359 467/551/359 502/617/359
f 502/617/360 467/551/360 403/553/360 416/608/360
f 423/492/361 502/617/361 416/608/361 381/494/361
f 383/486/362 417/615/362 503/618/362 413/487/362
f 417/615/363 404/542/363 468/545/363 503/618/363
f 503/619/364 468/548/364 402/549/364 414/616/364
f 413/490/365 503/619/365 414/616/365 379/491/365
f 378/502/366 422/508/366 504/620/366 430/621/366
f 422/506/367 382/483/367 471/622/367 504/623/367
f 504/623/368 471/622/368 410/594/368 473/606/368
f 430/621/369 504/620/369 473/604/369 408/592/369
f 384/476/370 418/475/370 505/624/370 432/625/370
f 418/473/371 380/472/371 472/626/371 505/627/371
f 505/627/372 472/626/372 411/588/372 474/602/372
f 432/625/373 505/624/373 474/600/373 409/598/373
f 382/483/374 421/482/374 506/628/374 471/622/374
f 421/482/375 384/476/375 432/625/375 506/628/375
f 506/628/376 432/625/376 409/598/376 475/595/376
f 471/622/377 506/628/377 475/595/377 410/594/377
f 380/472/378 419/503/378 507/629/378 472/626/378
f 419/503/379 378/502/379 430/621/379 507/629/379
f 507/629/380 430/621/380 408/592/380 476/589/380
f 472/626/381 507/629/381 476/589/381 411/588/381
f 514/519/106 512/518/106 425/630/106 515/520/106
f 515/520/382 425/631/382 511/513/382 509/632/382 508/515/382
f 425/631/104 517/524/104 518/523/104 519/633/104 510/514/104 511/513/104
f 517/524/383 425/630/383 512/518/383 513/517/383 516/525/383
f 541/634/384 598/635/384 619/636/384 592/637/384
f 598/638/385 540/639/385 571/640/385 619/641/385
f 619/641/386 571/640/386 531/642/386 570/643/386
f 592/637/387 619/636/387 570/644/387 530/645/387
f 534/646/388 577/647/388 620/648/388 582/649/388
f 577/647/389 522/650/389 560/651/389 620/648/389
f 620/652/390 560/653/390 526/654/390 557/655/390
f 582/656/391 620/652/391 557/655/391 533/657/391
f 533/657/392 557/655/392 621/658/392 581/659/392
f 557/655/393 526/654/393 563/660/393 621/658/393
f 621/658/394 563/660/394 524/661/394 578/662/394
f 581/659/395 621/658/395 578/662/395 535/663/395
f 525/664/396 555/665/396 622/666/396 554/667/396
f 555/668/397 521/669/397 565/670/397 622/671/397
f 622/671/398 565/670/398 523/672/398 562/673/398
f 554/667/399 622/666/399 562/674/399 527/675/399
f 532/676/400 575/677/400 623/678/400 580/679/400
f 575/677/401 520/680/401 561/681/401 623/678/401
f 623/678/402 561/681/402 522/650/402 577/647/402
f 580/679/403 623/678/403 577/647/403 534/646/403
f 535/663/404 578/662/404 624/682/404 579/683/404
f 578/662/405 524/661/405 564/684/405 624/682/405
f 624/685/406 564/686/406 520/680/406 575/677/406
f 579/687/407 624/685/407 575/677/407 532/676/407
f 568/688/408 530/645/408 570/644/408 652/689/408 650/690/408 651/691/408 654/692/408 653/693/408
f 652/694/409 570/643/409 531/642/409 569/695/409 656/696/409 655/697/409 657/698/409
f 569/695/410 529/699/410 566/700/410 659/701/410 658/702/410 656/696/410
f 659/703/411 566/704/411 528/705/411 568/688/411 653/693/411 660/706/411 661/707/411
f 543/708/412 597/709/412 625/710/412 594/711/412
f 597/712/413 542/713/413 573/714/413 625/715/413
f 625/715/414 573/714/414 528/705/414 566/704/414
f 594/711/415 625/710/415 566/700/415 529/699/415
f 540/639/416 596/716/416 626/717/416 571/640/416
f 596/716/417 543/708/417 594/711/417 626/717/417
f 626/717/418 594/711/418 529/699/418 569/695/418
f 571/640/419 626/717/419 569/695/419 531/642/419
f 542/713/420 595/718/420 627/719/420 573/714/420
f 595/718/421 541/634/421 592/637/421 627/719/421
f 627/719/422 592/637/422 530/645/422 568/688/422
f 573/714/423 627/719/423 568/688/423 528/705/423
f 546/720/197 601/721/197 628/722/197 610/723/197
f 601/721/197 535/663/197 579/683/197 628/722/197
f 628/724/198 579/687/198 532/676/198 599/725/198
f 610/726/198 628/724/198 599/725/198 544/727/198
f 544/727/424 599/725/424 629/728/424 609/729/424
f 599/725/425 532/676/425 580/679/425 629/728/425
f 629/728/426 580/679/426 534/646/426 600/730/426
f 609/729/427 629/728/427 600/730/427 545/731/427
f 547/732/428 576/733/428 630/734/428 608/735/428
f 576/733/429 533/657/429 581/659/429 630/734/429
f 630/734/430 581/659/430 535/663/430 601/721/430
f 608/735/431 630/734/431 601/721/431 546/720/431
f 534/646/432 582/649/432 631/736/432 588/737/432
f 582/656/433 533/657/433 587/738/433 631/739/433
f 631/739/434 587/738/434 539/740/434 586/741/434
f 588/737/435 631/736/435 586/742/435 536/743/435
f 548/744/436 603/745/436 632/746/436 607/747/436
f 603/745/437 536/743/437 586/742/437 632/746/437
f 632/748/438 586/741/438 539/740/438 585/749/438
f 607/750/439 632/748/439 585/749/439 549/751/439
f 547/732/440 602/752/440 633/753/440 606/754/440
f 602/752/441 527/675/441 589/755/441 633/753/441
f 633/753/442 589/755/442 538/756/442 604/757/442
f 606/754/443 633/753/443 604/757/443 549/751/443
f 527/675/444 562/674/444 634/758/444 589/755/444
f 562/673/445 523/672/445 590/759/445 634/760/445
f 634/760/446 590/759/446 537/761/446 584/762/446
f 589/755/447 634/758/447 584/763/447 538/756/447
f 545/731/448 600/730/448 635/764/448 605/765/448
f 600/730/449 534/646/449 588/737/449 635/764/449
f 635/764/450 588/737/450 536/743/450 603/745/450
f 605/765/451 635/764/451 603/745/451 548/744/451
f 553/766/452 618/767/452 636/768/452 593/769/452
f 618/767/453 550/770/453 611/771/453 636/768/453
f 636/768/454 611/771/454 541/634/454 595/718/454
f 593/769/455 636/768/455 595/718/455 542/713/455
f 552/772/456 617/773/456 637/774/456 591/775/456
f 617/773/457 551/776/457 612/777/457 637/774/457
f 637/774/458 612/777/458 543/708/458 596/716/458
f 591/775/459 637/774/459 596/716/459 540/639/459
f 551/776/460 616/778/460 638/779/460 612/777/460
f 616/780/461 553/766/461 593/769/461 638/781/461
f 638/781/462 593/769/462 542/713/462 597/712/462
f 612/777/463 638/779/463 597/709/463 543/708/463
f 550/770/464 615/782/464 639/783/464 611/771/464
f 615/784/465 552/772/465 591/775/465 639/785/465
f 639/785/466 591/775/466 540/639/466 598/638/466
f 611/771/467 639/783/467 598/635/467 541/634/467
f 523/672/468 558/786/468 640/787/468 590/759/468
f 558/786/469 545/731/469 605/765/469 640/787/469
f 640/787/470 605/765/470 548/744/470 583/788/470
f 590/759/471 640/787/471 583/788/471 537/761/471
f 533/657/472 576/733/472 641/789/472 587/738/472
f 576/733/473 547/732/473 606/754/473 641/789/473
f 641/789/474 606/754/474 549/751/474 585/749/474
f 587/738/475 641/789/475 585/749/475 539/740/475
f 537/761/476 583/788/476 642/790/476 584/762/476
f 583/788/477 548/744/477 607/747/477 642/790/477
f 642/791/478 607/750/478 549/751/478 604/757/478
f 584/763/479 642/791/479 604/757/479 538/756/479
f 527/675/480 602/752/480 643/792/480 554/667/480
f 602/752/481 547/732/481 608/735/481 643/792/481
f 643/792/482 608/735/482 546/720/482 559/793/482
f 554/667/483 643/792/483 559/793/483 525/664/483
f 521/669/484 556/794/484 644/795/484 565/670/484
f 556/794/485 544/727/485 609/729/485 644/795/485
f 644/795/486 609/729/486 545/731/486 558/786/486
f 565/670/487 644/795/487 558/786/487 523/672/487
f 525/664/488 559/793/488 645/796/488 555/665/488
f 559/793/489 546/720/489 610/723/489 645/796/489
f 645/797/490 610/726/490 544/727/490 556/794/490
f 555/668/491 645/797/491 556/794/491 521/669/491
f 520/680/492 564/686/492 646/798/492 572/799/492
f 564/684/493 524/661/493 613/800/493 646/801/493
f 646/801/494 613/800/494 552/772/494 615/784/494
f 572/799/495 646/798/495 615/782/495 550/770/495
f 526/654/496 560/653/496 647/802/496 574/803/496
f 560/651/497 522/650/497 614/804/497 647/805/497
f 647/805/498 614/804/498 553/766/498 616/780/498
f 574/803/499 647/802/499 616/778/499 551/776/499
f 524/661/500 563/660/500 648/806/500 613/800/500
f 563/660/501 526/654/501 574/803/501 648/806/501
f 648/806/502 574/803/502 551/776/502 617/773/502
f 613/800/503 648/806/503 617/773/503 552/772/503
f 522/650/504 561/681/504 649/807/504 614/804/504
f 561/681/505 520/680/505 572/799/505 649/807/505
f 649/807/506 572/799/506 550/770/506 618/767/506
f 614/804/507 649/807/507 618/767/507 553/766/507
f 657/808/154 655/697/154 567/809/154 650/690/154 652/689/154
f 650/690/508 567/810/508 654/692/508 651/691/508
f 567/810/152 661/707/152 660/706/152 653/693/152 654/692/152
f 661/707/509 567/809/509 655/697/509 656/696/509 658/811/509 659/703/509
f 672/812/510 681/813/510 714/814/510 704/815/510
f 681/813/511 663/816/511 682/817/511 714/814/511
f 714/814/512 682/817/512 665/818/512 700/819/512
f 704/815/513 714/814/513 700/819/513 673/820/513
f 673/820/514 700/819/514 715/821/514 703/822/514
f 743/823/515 715/821/515 700/819/515 665/818/515 741/824/515 740/825/515 742/826/515
f 750/827/516 749/828/516 715/821/516 743/823/516 745/829/516 744/830/516 746/831/516 747/832/516 748/833/516 751/834/516
f 674/835/517 703/822/517 715/821/517 749/828/517 752/836/517 754/837/517 753/838/517
f 757/839/518 702/840/518 674/835/518 753/838/518 756/841/518 755/842/518
f 761/843/519 675/844/519 702/840/519 757/839/519 760/845/519 759/846/519 758/847/519
f 717/848/520 701/849/520 675/844/520 761/843/520 764/850/520 765/851/520 762/852/520 763/853/520
f 717/848/521 763/853/521 769/854/521 768/855/521 766/856/521 767/857/521
f 771/858/522 663/816/522 681/813/522 717/848/522 767/857/522 770/859/522 772/860/522
f 701/849/523 717/848/523 681/813/523 672/812/523
f 664/861/524 684/862/524 718/863/524 680/864/524
f 684/862/525 667/865/525 686/866/525 718/863/525
f 718/863/526 686/866/526 666/867/526 689/868/526
f 680/864/527 718/863/527 689/868/527 662/869/527
f 773/870/528 741/824/528 665/818/528 682/817/528 774/871/528 775/872/528 776/873/528
f 774/871/529 682/817/529 663/816/529 771/858/529 778/874/529 777/875/529
f 678/876/530 708/877/530 719/878/530 713/879/530
f 708/877/530 671/880/530 695/881/530 719/878/530
f 719/878/531 695/881/531 668/882/531 690/883/531
f 713/879/531 719/878/531 690/883/531 679/884/531
f 677/885/532 706/886/532 720/887/532 712/888/532
f 706/886/532 670/889/532 696/890/532 720/887/532
f 720/887/533 696/890/533 671/880/533 708/877/533
f 712/888/533 720/887/533 708/877/533 678/876/533
f 676/891/534 705/892/534 721/893/534 711/894/534
f 705/892/534 669/895/534 697/896/534 721/893/534
f 721/893/535 697/896/535 670/889/535 706/886/535
f 711/894/535 721/893/535 706/886/535 677/885/535
f 679/884/536 690/883/536 722/897/536 710/898/536
f 690/883/536 668/882/536 698/899/536 722/897/536
f 722/897/537 698/899/537 669/895/537 705/892/537
f 710/898/537 722/897/537 705/892/537 676/891/537
f 671/900/530 693/901/530 723/902/530 695/903/530
f 693/901/530 675/844/530 701/849/530 723/902/530
f 723/902/531 701/849/531 672/812/531 699/904/531
f 695/903/531 723/902/531 699/904/531 668/905/531
f 670/906/532 692/907/532 724/908/532 696/909/532
f 692/907/532 674/835/532 702/840/532 724/908/532
f 724/908/533 702/840/533 675/844/533 693/901/533
f 696/909/533 724/908/533 693/901/533 671/900/533
f 669/910/534 691/911/534 725/912/534 697/913/534
f 691/911/534 673/820/534 703/822/534 725/912/534
f 725/912/535 703/822/535 674/835/535 692/907/535
f 697/913/535 725/912/535 692/907/535 670/906/535
f 668/905/536 699/904/536 726/914/536 698/915/536
f 699/904/536 672/812/536 704/815/536 726/914/536
f 726/914/537 704/815/537 673/820/537 691/911/537
f 698/915/537 726/914/537 691/911/537 669/910/537
f 662/869/538 709/916/538 727/917/538 680/864/538
f 709/916/539 679/884/539 710/898/539 727/917/539
f 727/917/540 710/898/540 676/891/540 683/918/540
f 680/864/541 727/917/541 683/918/541 664/861/541
f 664/861/542 683/918/542 728/919/542 684/862/542
f 683/918/543 676/891/543 711/894/543 728/919/543
f 728/919/544 711/894/544 677/885/544 685/920/544
f 684/862/545 728/919/545 685/920/545 667/865/545
f 667/865/546 685/920/546 729/921/546 686/866/546
f 685/920/547 677/885/547 712/888/547 729/921/547
f 729/921/548 712/888/548 678/876/548 688/922/548
f 686/866/549 729/921/549 688/922/549 666/867/549
f 666/867/550 688/922/550 730/923/550 689/868/550
f 688/922/551 678/876/551 713/879/551 730/923/551
f 730/923/552 713/879/552 679/884/552 709/916/552
f 689/868/553 730/923/553 709/916/553 662/869/553
f 776/873/554 775/872/554 731/924/554
f 772/860/555 687/925/555 731/924/555 775/872/555 774/871/555 777/875/555 778/874/555 771/858/555
f 750/827/556 737/926/556 752/836/556 749/828/556
f 753/838/557 754/837/557 736/927/557 694/928/557 756/841/557
f 752/836/558 737/926/558 716/929/558 736/927/558 754/837/558
f 764/850/559 736/927/559 716/929/559 765/851/559
f 761/843/560 758/847/560 694/928/560 736/927/560 764/850/560
f 770/859/561 767/857/561 766/856/561 732/930/561 687/925/561 772/860/561
f 769/854/562 707/931/562 732/930/562 766/856/562 768/855/562
f 731/924/563 738/932/563 745/829/563 743/823/563 742/826/563 740/825/563 741/824/563 773/870/563 776/873/563
f 738/932/564 735/933/564 747/832/564 746/831/564 744/830/564 745/829/564
f 738/932/565 732/930/565 707/931/565 735/933/565
f 738/932/566 731/924/566 687/925/566 732/930/566
f 763/853/567 762/852/567 734/934/567 707/931/567 769/854/567
f 765/851/568 716/929/568 734/934/568 762/852/568
f 747/832/569 735/933/569 739/935/569 748/833/569
f 748/833/570 739/935/570 737/926/570 750/827/570 751/834/570
f 739/935/571 734/934/571 716/929/571 737/926/571
f 735/933/572 707/931/572 734/934/572 739/935/572
f 759/846/573 733/936/573 694/928/573 758/847/573
f 733/936/574 759/846/574 760/845/574
f 755/842/575 733/936/575 760/845/575 757/839/575
f 756/841/576 694/928/576 733/936/576 755/842/576
f 793/937/577 798/938/577 831/939/577 830/940/577
f 798/938/578 780/941/578 799/942/578 831/939/578
f 831/939/579 799/942/579 782/943/579 823/944/579
f 830/940/513 831/939/513 823/944/513 794/945/513
f 794/945/580 823/944/580 832/946/580 829/947/580
f 823/944/581 782/943/581 801/948/581 832/946/581
f 832/946/582 801/948/582 784/949/582 824/950/582
f 829/947/583 832/946/583 824/950/583 795/951/583
f 795/951/518 824/950/518 833/952/518 828/953/518
f 824/950/584 784/949/584 803/954/584 833/952/584
f 833/952/585 803/954/585 783/955/585 825/956/585
f 828/953/586 833/952/586 825/956/586 796/957/586
f 796/957/587 825/956/587 834/958/587 827/959/587
f 825/956/588 783/955/588 804/960/588 834/958/588
f 834/958/589 804/960/589 780/941/589 798/938/589
f 827/959/590 834/958/590 798/938/590 793/937/590
f 797/961/591 781/962/591 860/963/591 859/964/591 858/965/591 857/966/591 861/967/591 862/968/591
f 865/969/592 779/970/592 797/961/592 862/968/592 863/971/592 864/972/592
f 784/949/593 801/948/593 836/973/593 803/954/593
f 801/948/594 782/943/594 799/942/594 836/973/594
f 836/973/595 799/942/595 780/941/595 804/960/595
f 803/954/596 836/973/596 804/960/596 783/955/596
f 791/974/530 816/975/530 837/976/530 821/977/530
f 816/975/530 788/978/530 809/979/530 837/976/530
f 837/976/531 809/979/531 785/980/531 805/981/531
f 821/977/531 837/976/531 805/981/531 792/982/531
f 790/983/532 815/984/532 838/985/532 820/986/532
f 815/984/532 787/987/532 811/988/532 838/985/532
f 838/985/533 811/988/533 788/978/533 816/975/533
f 820/986/533 838/985/533 816/975/533 791/974/533
f 789/989/534 814/990/534 839/991/534 819/992/534
f 814/990/534 786/993/534 812/994/534 839/991/534
f 839/991/535 812/994/535 787/987/535 815/984/535
f 819/992/535 839/991/535 815/984/535 790/983/535
f 792/982/536 805/981/536 840/995/536 818/996/536
f 805/981/536 785/980/536 813/997/536 840/995/536
f 840/995/537 813/997/537 786/993/537 814/990/537
f 818/996/537 840/995/537 814/990/537 789/989/537
f 779/970/597 817/998/597 841/999/597 797/961/597
f 817/998/598 792/982/598 818/996/598 841/999/598
f 841/999/599 818/996/599 789/989/599 800/1000/599
f 797/961/600 841/999/600 800/1000/600 781/962/600
f 781/962/601 800/1000/601 842/1001/601 866/1002/601 860/963/601
f 800/1000/602 789/989/602 819/992/602 842/1001/602
f 819/992/603 790/983/603 868/1003/603 867/1004/603 869/1005/603 870/1006/603 842/1001/603
f 842/1001/604 870/1006/604 876/1007/604 877/1008/604 875/1009/604 874/1010/604 873/1011/604 871/1012/604 872/1013/604 866/1002/604
f 868/1003/605 790/983/605 820/986/605 879/1014/605 878/1015/605 880/1016/605
f 879/1014/606 820/986/606 791/974/606 882/1017/606 881/1018/606 884/1019/606 883/1020/606
f 887/1021/607 843/1022/607 890/1023/607 889/1024/607 888/1025/607 885/1026/607 886/1027/607
f 882/1017/608 791/974/608 821/977/608 843/1022/608 887/1021/608 892/1028/608 893/1029/608 891/1030/608
f 843/1022/609 821/977/609 792/982/609 817/998/609
f 843/1022/610 817/998/610 779/970/610 865/969/610 896/1031/610 894/1032/610 895/1033/610 890/1023/610
f 788/1034/530 808/1035/530 844/1036/530 809/1037/530
f 808/1035/530 796/957/530 827/959/530 844/1036/530
f 844/1036/531 827/959/531 793/937/531 822/1038/531
f 809/1037/531 844/1036/531 822/1038/531 785/1039/531
f 787/1040/532 807/1041/532 845/1042/532 811/1043/532
f 807/1041/532 795/951/532 828/953/532 845/1042/532
f 845/1042/533 828/953/533 796/957/533 808/1035/533
f 811/1043/533 845/1042/533 808/1035/533 788/1034/533
f 786/1044/534 806/1045/534 846/1046/534 812/1047/534
f 806/1045/534 794/945/534 829/947/534 846/1046/534
f 846/1046/535 829/947/535 795/951/535 807/1041/535
f 812/1047/535 846/1046/535 807/1041/535 787/1040/535
f 785/1039/536 822/1038/536 847/1048/536 813/1049/536
f 822/1038/536 793/937/536 830/940/536 847/1048/536
f 847/1048/537 830/940/537 794/945/537 806/1045/537
f 813/1049/537 847/1048/537 806/1045/537 786/1044/537
f 802/1050/611 896/1031/611 865/969/611 864/972/611 863/971/611 862/968/611 861/967/611 848/1051/611
f 858/965/612 848/1051/612 861/967/612 857/966/612
f 853/1052/613 810/1053/613 881/1018/613 882/1017/613 891/1030/613
f 893/1029/614 835/1054/614 853/1052/614 891/1030/614
f 853/1052/615 835/1054/615 854/1055/615 869/1005/615 867/1004/615
f 810/1053/616 853/1052/616 867/1004/616 868/1003/616 880/1016/616
f 870/1006/617 869/1005/617 854/1055/617 877/1008/617 876/1007/617
f 855/1056/618 849/1057/618 802/1050/618 848/1051/618
f 849/1057/619 855/1056/619 852/1058/619 826/1059/619
f 852/1058/620 855/1056/620 872/1013/620 871/1012/620 873/1011/620
f 855/1056/621 848/1051/621 858/965/621 859/964/621 860/963/621 866/1002/621 872/1013/621
f 888/1025/622 889/1024/622 849/1057/622 826/1059/622 886/1027/622 885/1026/622
f 802/1050/623 849/1057/623 889/1024/623 890/1023/623 895/1033/623 894/1032/623 896/1031/623
f 826/1059/624 852/1058/624 856/1060/624 851/1061/624
f 851/1061/625 856/1060/625 854/1055/625 835/1054/625
f 854/1055/626 856/1060/626 874/1010/626 875/1009/626 877/1008/626
f 856/1060/627 852/1058/627 873/1011/627 874/1010/627
f 892/1028/628 851/1061/628 835/1054/628 893/1029/628
f 886/1027/629 826/1059/629 851/1061/629 892/1028/629 887/1021/629
f 850/1062/630 810/1053/630 880/1016/630 878/1015/630
f 850/1062/631 878/1015/631 879/1014/631 883/1020/631
f 883/1020/632 884/1019/632 850/1062/632
f 881/1018/633 810/1053/633 850/1062/633 884/1019/633
usemtl blue
f 1060/1187/690 1166/1188/690 1215/1189/690 1158/1190/690
f 1166/1188/691 1037/1191/691 1085/1192/691 1215/1189/691
f 1215/1189/692 1085/1192/692 1010/1193/692 1160/1194/692
f 1158/1190/693 1215/1189/693 1160/1194/693 1052/1195/693
f 1058/1196/694 1164/1197/694 1216/1198/694 1157/1199/694
f 1164/1197/695 1019/1200/695 1088/1201/695 1216/1198/695
f 1216/1198/696 1088/1201/696 1016/1202/696 1161/1203/696
f 1157/1199/697 1216/1198/697 1161/1203/697 1055/1204/697
f 1059/1205/698 1165/1206/698 1217/1207/698 1156/1208/698
f 1165/1206/699 1039/1209/699 1090/1210/699 1217/1207/699
f 1217/1207/700 1090/1210/700 1013/1211/700 1162/1212/700
f 1156/1208/701 1217/1207/701 1162/1212/701 1056/1213/701
f 1299/1214/702 1131/1215/702 1218/1216/702 1303/1217/702 1302/1218/702 1300/1219/702 1301/1220/702
f 1131/1215/703 1037/1191/703 1123/1221/703 1218/1216/703
f 1218/1216/704 1123/1221/704 1007/1222/704 1093/1223/704
f 1218/1216/705 1093/1223/705 1021/1224/705 1305/1225/705 1304/1226/705 1303/1217/705
f 1039/1209/706 1130/1227/706 1219/1228/706 1090/1210/706
f 1309/1229/707 1308/1230/707 1219/1228/707 1130/1227/707 1306/1231/707 1307/1232/707 1310/1233/707
f 1305/1225/708 1021/1224/708 1097/1234/708 1219/1228/708 1308/1230/708
f 1090/1210/709 1219/1228/709 1097/1234/709 1013/1211/709
f 1017/1235/710 1094/1236/710 1279/1237/710 1280/1238/710
f 1281/1239/711 1279/1237/711 1094/1236/711 1014/1240/711 1124/1241/711 1282/1242/711 1283/1243/711 1284/1244/711
f 1286/1245/712 1282/1242/712 1124/1241/712 1012/1246/712 1092/1247/712 1287/1248/712 1285/1249/712
f 1092/1247/713 1020/1250/713 1288/1251/713 1287/1248/713
f 1057/1252/714 1163/1253/714 1220/1254/714 1155/1255/714
f 1163/1253/715 1021/1224/715 1093/1223/715 1220/1254/715
f 1220/1254/716 1093/1223/716 1007/1222/716 1159/1256/716
f 1155/1255/717 1220/1254/717 1159/1256/717 1051/1257/717
f 1056/1213/718 1162/1212/718 1221/1258/718 1154/1259/718
f 1162/1212/719 1013/1211/719 1097/1234/719 1221/1258/719
f 1221/1258/720 1097/1234/720 1021/1224/720 1163/1253/720
f 1154/1259/721 1221/1258/721 1163/1253/721 1057/1252/721
f 1008/1260/722 1086/1261/722 1222/1262/722 1087/1263/722
f 1086/1261/723 1024/1264/723 1106/1265/723 1222/1262/723
f 1222/1262/724 1106/1265/724 1029/1266/724 1099/1267/724
f 1087/1263/725 1222/1262/725 1099/1267/725 1017/1235/725
f 1012/1246/726 1091/1268/726 1223/1269/726 1092/1247/726
f 1091/1268/727 1026/1270/727 1107/1271/727 1223/1269/727
f 1223/1269/728 1107/1271/728 1028/1272/728 1098/1273/728
f 1092/1247/729 1223/1269/729 1098/1273/729 1020/1250/729
f 1020/1250/730 1098/1273/730 1224/1274/730 1096/1275/730
f 1098/1273/731 1028/1272/731 1108/1276/731 1224/1274/731
f 1224/1274/732 1108/1276/732 1022/1277/732 1100/1278/732
f 1096/1275/733 1224/1274/733 1100/1278/733 1005/1279/733
f 1292/1280/734 1293/1281/734 1122/1282/734 1008/1260/734 1087/1263/734 1291/1283/734 1290/1284/734 1289/1285/734
f 1087/1263/735 1017/1235/735 1280/1238/735 1294/1286/735 1291/1283/735
f 1295/1287/736 1288/1251/736 1020/1250/736 1096/1275/736 1296/1288/736
f 1298/1289/737 1296/1288/737 1096/1275/737 1005/1279/737 1122/1282/737 1293/1281/737 1297/1290/737
f 1017/1235/738 1099/1267/738 1225/1291/738 1094/1236/738
f 1099/1267/739 1029/1266/739 1109/1292/739 1225/1291/739
f 1225/1291/740 1109/1292/740 1025/1293/740 1089/1294/740
f 1094/1236/741 1225/1291/741 1089/1294/741 1014/1240/741
f 1014/1240/742 1089/1294/742 1226/1295/742 1124/1241/742
f 1089/1294/743 1025/1293/743 1126/1296/743 1226/1295/743
f 1226/1295/744 1126/1296/744 1026/1270/744 1091/1268/744
f 1124/1241/745 1226/1295/745 1091/1268/745 1012/1246/745
f 1024/1297/746 1101/1298/746 1227/1299/746 1106/1300/746
f 1101/1298/747 1032/1301/747 1116/1302/747 1227/1299/747
f 1227/1299/748 1116/1302/748 1036/1303/748 1105/1304/748
f 1106/1300/749 1227/1299/749 1105/1304/749 1029/1305/749
f 1026/1306/750 1103/1307/750 1228/1308/750 1107/1309/750
f 1103/1307/751 1034/1310/751 1117/1311/751 1228/1308/751
f 1228/1308/752 1117/1311/752 1035/1312/752 1104/1313/752
f 1107/1309/753 1228/1308/753 1104/1313/753 1028/1314/753
f 1028/1314/754 1104/1313/754 1229/1315/754 1108/1316/754
f 1104/1313/755 1035/1312/755 1118/1317/755 1229/1315/755
f 1229/1315/756 1118/1317/756 1030/1318/756 1110/1319/756
f 1108/1316/757 1229/1315/757 1110/1319/757 1022/1320/757
f 1005/1279/758 1100/1278/758 1230/1321/758 1122/1282/758
f 1100/1278/759 1022/1277/759 1127/1322/759 1230/1321/759
f 1230/1321/760 1127/1322/760 1024/1264/760 1086/1261/760
f 1122/1282/761 1230/1321/761 1086/1261/761 1008/1260/761
f 1029/1305/762 1105/1304/762 1231/1323/762 1109/1324/762
f 1105/1304/763 1036/1303/763 1120/1325/763 1231/1323/763
f 1231/1323/764 1120/1325/764 1033/1326/764 1102/1327/764
f 1109/1324/765 1231/1323/765 1102/1327/765 1025/1328/765
f 1025/1328/766 1102/1327/766 1232/1329/766 1126/1330/766
f 1033/1326/767 1128/1331/767 1232/1329/767 1102/1327/767
f 1040/1332/768 1119/1333/768 1232/1329/768 1128/1331/768
f 1034/1310/769 1103/1307/769 1232/1329/769 1119/1333/769
f 1026/1306/770 1126/1330/770 1232/1329/770 1103/1307/770
f 1016/1202/771 1088/1201/771 1233/1334/771 1125/1335/771
f 1088/1201/772 1019/1200/772 1311/1336/772 1312/1337/772 1313/1338/772 1233/1334/772
f 1130/1227/773 1233/1334/773 1313/1338/773 1314/1339/773 1316/1340/773 1315/1341/773 1317/1342/773 1306/1231/773
f 1125/1335/774 1233/1334/774 1130/1227/774 1039/1209/774
f 1311/1336/775 1019/1200/775 1095/1343/775 1234/1344/775 1318/1345/775
f 1095/1343/776 1010/1193/776 1085/1192/776 1234/1344/776
f 1234/1344/777 1085/1192/777 1037/1191/777 1131/1215/777
f 1319/1346/778 1318/1345/778 1234/1344/778 1131/1215/778 1299/1214/778 1321/1347/778 1322/1348/778 1320/1349/778
f 1052/1195/779 1160/1194/779 1235/1350/779 1153/1351/779
f 1160/1194/780 1010/1193/780 1095/1343/780 1235/1350/780
f 1235/1350/781 1095/1343/781 1019/1200/781 1164/1197/781
f 1153/1351/782 1235/1350/782 1164/1197/782 1058/1196/782
f 1055/1204/783 1161/1203/783 1236/1352/783 1152/1353/783
f 1161/1203/784 1016/1202/784 1125/1335/784 1236/1352/784
f 1236/1352/785 1125/1335/785 1039/1209/785 1165/1206/785
f 1152/1353/786 1236/1352/786 1165/1206/786 1059/1205/786
f 1022/1320/787 1110/1319/787 1237/1354/787 1127/1355/787
f 1030/1318/788 1129/1356/788 1237/1354/788 1110/1319/788
f 1041/1357/789 1121/1358/789 1237/1354/789 1129/1356/789
f 1032/1301/790 1101/1298/790 1237/1354/790 1121/1358/790
f 1024/1297/791 1127/1355/791 1237/1354/791 1101/1298/791
f 1069/1359/792 1134/1360/792 1238/1361/792 1198/1362/792
f 1134/1360/793 1042/1363/793 1142/1364/793 1238/1361/793
f 1238/1361/794 1142/1364/794 1050/1365/794 1190/1366/794
f 1198/1362/795 1238/1361/795 1190/1366/795 1076/1367/795
f 1071/1368/796 1185/1369/796 1239/1370/796 1197/1371/796
f 1185/1369/797 1045/1372/797 1143/1373/797 1239/1370/797
f 1239/1370/798 1143/1373/798 1049/1374/798 1189/1375/798
f 1197/1371/799 1239/1370/799 1189/1375/799 1075/1376/799
f 1070/1377/800 1184/1378/800 1240/1379/800 1196/1380/800
f 1184/1378/801 1043/1381/801 1144/1382/801 1240/1379/801
f 1240/1379/802 1144/1382/802 1048/1383/802 1188/1384/802
f 1196/1380/803 1240/1379/803 1188/1384/803 1074/1385/803
f 1072/1386/804 1186/1387/804 1241/1388/804 1195/1389/804
f 1186/1387/805 1046/1390/805 1145/1391/805 1241/1388/805
f 1241/1388/806 1145/1391/806 1047/1392/806 1187/1393/806
f 1195/1389/807 1241/1388/807 1187/1393/807 1073/1394/807
f 1073/1394/808 1187/1393/808 1242/1395/808 1194/1396/808
f 1187/1393/809 1047/1392/809 1146/1397/809 1242/1395/809
f 1242/1395/810 1146/1397/810 1042/1363/810 1134/1360/810
f 1194/1396/811 1242/1395/811 1134/1360/811 1069/1359/811
f 1075/1376/812 1189/1375/812 1243/1398/812 1193/1399/812
f 1189/1375/813 1049/1374/813 1147/1400/813 1243/1398/813
f 1243/1398/814 1147/1400/814 1046/1390/814 1186/1387/814
f 1193/1399/815 1243/1398/815 1186/1387/815 1072/1386/815
f 1074/1385/816 1188/1384/816 1244/1401/816 1192/1402/816
f 1188/1384/817 1048/1383/817 1148/1403/817 1244/1401/817
f 1244/1401/818 1148/1403/818 1045/1372/818 1185/1369/818
f 1192/1402/819 1244/1401/819 1185/1369/819 1071/1368/819
f 1076/1367/820 1190/1366/820 1245/1404/820 1191/1405/820
f 1190/1366/821 1050/1365/821 1149/1406/821 1245/1404/821
f 1245/1404/822 1149/1406/822 1043/1381/822 1184/1378/822
f 1191/1405/823 1245/1404/823 1184/1378/823 1070/1377/823
f 1084/1407/824 1150/1408/824 1246/1409/824 1214/1410/824
f 1150/1408/825 1051/1257/825 1151/1411/825 1246/1409/825
f 1246/1409/826 1151/1411/826 1060/1187/826 1205/1412/826
f 1214/1410/827 1246/1409/827 1205/1412/827 1083/1413/827
f 1078/1414/828 1200/1415/828 1247/1416/828 1213/1417/828
f 1200/1415/829 1055/1204/829 1152/1353/829 1247/1416/829
f 1247/1416/830 1152/1353/830 1059/1205/830 1204/1418/830
f 1213/1417/831 1247/1416/831 1204/1418/831 1082/1419/831
f 1077/1420/832 1199/1421/832 1248/1422/832 1212/1423/832
f 1199/1421/833 1052/1195/833 1153/1351/833 1248/1422/833
f 1248/1422/834 1153/1351/834 1058/1196/834 1203/1424/834
f 1212/1423/835 1248/1422/835 1203/1424/835 1081/1425/835
f 1079/1426/836 1201/1427/836 1249/1428/836 1211/1429/836
f 1201/1427/837 1056/1213/837 1154/1259/837 1249/1428/837
f 1249/1428/838 1154/1259/838 1057/1252/838 1202/1430/838
f 1211/1429/839 1249/1428/839 1202/1430/839 1080/1431/839
f 1080/1431/840 1202/1430/840 1250/1432/840 1210/1433/840
f 1202/1430/841 1057/1252/841 1155/1255/841 1250/1432/841
f 1250/1432/842 1155/1255/842 1051/1257/842 1150/1408/842
f 1210/1433/843 1250/1432/843 1150/1408/843 1084/1407/843
f 1082/1419/844 1204/1418/844 1251/1434/844 1209/1435/844
f 1204/1418/845 1059/1205/845 1156/1208/845 1251/1434/845
f 1251/1434/846 1156/1208/846 1056/1213/846 1201/1427/846
f 1209/1435/847 1251/1434/847 1201/1427/847 1079/1426/847
f 1081/1425/848 1203/1424/848 1252/1436/848 1208/1437/848
f 1203/1424/849 1058/1196/849 1157/1199/849 1252/1436/849
f 1252/1436/850 1157/1199/850 1055/1204/850 1200/1415/850
f 1208/1437/851 1252/1436/851 1200/1415/851 1078/1414/851
f 1083/1413/852 1205/1412/852 1253/1438/852 1207/1439/852
f 1205/1412/853 1060/1187/853 1158/1190/853 1253/1438/853
f 1253/1438/854 1158/1190/854 1052/1195/854 1199/1421/854
f 1207/1439/855 1253/1438/855 1199/1421/855 1077/1420/855
f 1041/1357/856 1133/1440/856 1254/1441/856 1121/1358/856
f 1133/1440/857 1067/1442/857 1175/1443/857 1254/1441/857
f 1254/1441/858 1175/1443/858 1061/1444/858 1111/1445/858
f 1121/1358/859 1254/1441/859 1111/1445/859 1032/1301/859
f 1036/1303/860 1115/1446/860 1255/1447/860 1120/1325/860
f 1115/1446/861 1065/1448/861 1176/1449/861 1255/1447/861
f 1255/1447/862 1176/1449/862 1062/1450/862 1112/1451/862
f 1120/1325/863 1255/1447/863 1112/1451/863 1033/1326/863
f 1040/1332/864 1132/1452/864 1256/1453/864 1119/1333/864
f 1132/1452/865 1066/1454/865 1177/1455/865 1256/1453/865
f 1256/1453/866 1177/1455/866 1063/1456/866 1113/1457/866
f 1119/1333/867 1256/1453/867 1113/1457/867 1034/1310/867
f 1035/1312/868 1114/1458/868 1257/1459/868 1118/1317/868
f 1114/1458/869 1064/1460/869 1178/1461/869 1257/1459/869
f 1257/1459/870 1178/1461/870 1068/1462/870 1174/1463/870
f 1118/1317/871 1257/1459/871 1174/1463/871 1030/1318/871
f 1034/1310/872 1113/1457/872 1258/1464/872 1117/1311/872
f 1113/1457/873 1063/1456/873 1179/1465/873 1258/1464/873
f 1258/1464/874 1179/1465/874 1064/1460/874 1114/1458/874
f 1117/1311/875 1258/1464/875 1114/1458/875 1035/1312/875
f 1032/1301/876 1111/1445/876 1259/1466/876 1116/1302/876
f 1111/1445/877 1061/1444/877 1180/1467/877 1259/1466/877
f 1259/1466/878 1180/1467/878 1065/1448/878 1115/1446/878
f 1116/1302/879 1259/1466/879 1115/1446/879 1036/1303/879
f 1033/1326/880 1112/1451/880 1260/1468/880 1128/1331/880
f 1112/1451/881 1062/1450/881 1181/1469/881 1260/1468/881
f 1260/1468/882 1181/1469/882 1066/1454/882 1132/1452/882
f 1128/1331/883 1260/1468/883 1132/1452/883 1040/1332/883
f 1030/1318/884 1174/1463/884 1261/1470/884 1129/1356/884
f 1174/1463/885 1068/1462/885 1182/1471/885 1261/1470/885
f 1261/1470/886 1182/1471/886 1067/1442/886 1133/1440/886
f 1129/1356/887 1261/1470/887 1133/1440/887 1041/1357/887
f 1067/1442/888 1173/1472/888 1262/1473/888 1175/1443/888
f 1173/1472/889 1076/1367/889 1191/1405/889 1262/1473/889
f 1262/1473/890 1191/1405/890 1070/1377/890 1167/1474/890
f 1175/1443/891 1262/1473/891 1167/1474/891 1061/1444/891
f 1065/1448/892 1171/1475/892 1263/1476/892 1176/1449/892
f 1171/1475/893 1074/1385/893 1192/1402/893 1263/1476/893
f 1263/1476/894 1192/1402/894 1071/1368/894 1168/1477/894
f 1176/1449/895 1263/1476/895 1168/1477/895 1062/1450/895
f 1066/1454/896 1172/1478/896 1264/1479/896 1177/1455/896
f 1172/1478/897 1075/1376/897 1193/1399/897 1264/1479/897
f 1264/1479/898 1193/1399/898 1072/1386/898 1169/1480/898
f 1177/1455/899 1264/1479/899 1169/1480/899 1063/1456/899
f 1064/1460/900 1170/1481/900 1265/1482/900 1178/1461/900
f 1170/1481/901 1073/1394/901 1194/1396/901 1265/1482/901
f 1265/1482/902 1194/1396/902 1069/1359/902 1183/1483/902
f 1178/1461/903 1265/1482/903 1183/1483/903 1068/1462/903
f 1063/1456/904 1169/1480/904 1266/1484/904 1179/1465/904
f 1169/1480/905 1072/1386/905 1195/1389/905 1266/1484/905
f 1266/1484/906 1195/1389/906 1073/1394/906 1170/1481/906
f 1179/1465/907 1266/1484/907 1170/1481/907 1064/1460/907
f 1061/1444/908 1167/1474/908 1267/1485/908 1180/1467/908
f 1167/1474/909 1070/1377/909 1196/1380/909 1267/1485/909
f 1267/1485/910 1196/1380/910 1074/1385/910 1171/1475/910
f 1180/1467/911 1267/1485/911 1171/1475/911 1065/1448/911
f 1062/1450/912 1168/1477/912 1268/1486/912 1181/1469/912
f 1168/1477/913 1071/1368/913 1197/1371/913 1268/1486/913
f 1268/1486/914 1197/1371/914 1075/1376/914 1172/1478/914
f 1181/1469/915 1268/1486/915 1172/1478/915 1066/1454/915
f 1068/1462/916 1183/1483/916 1269/1487/916 1182/1471/916
f 1183/1483/917 1069/1359/917 1198/1362/917 1269/1487/917
f 1269/1487/918 1198/1362/918 1076/1367/918 1173/1472/918
f 1182/1471/919 1269/1487/919 1173/1472/919 1067/1442/919
f 1050/1365/920 1141/1488/920 1270/1489/920 1149/1406/920
f 1141/1488/921 1083/1413/921 1207/1439/921 1270/1489/921
f 1270/1489/922 1207/1439/922 1077/1420/922 1135/1490/922
f 1149/1406/923 1270/1489/923 1135/1490/923 1043/1381/923
f 1048/1383/924 1139/1491/924 1271/1492/924 1148/1403/924
f 1139/1491/925 1081/1425/925 1208/1437/925 1271/1492/925
f 1271/1492/926 1208/1437/926 1078/1414/926 1136/1493/926
f 1148/1403/927 1271/1492/927 1136/1493/927 1045/1372/927
f 1049/1374/928 1140/1494/928 1272/1495/928 1147/1400/928
f 1140/1494/929 1082/1419/929 1209/1435/929 1272/1495/929
f 1272/1495/930 1209/1435/930 1079/1426/930 1137/1496/930
f 1147/1400/931 1272/1495/931 1137/1496/931 1046/1390/931
f 1047/1392/932 1138/1497/932 1273/1498/932 1146/1397/932
f 1138/1497/933 1080/1431/933 1210/1433/933 1273/1498/933
f 1273/1498/934 1210/1433/934 1084/1407/934 1206/1499/934
f 1146/1397/935 1273/1498/935 1206/1499/935 1042/1363/935
f 1046/1390/936 1137/1496/936 1274/1500/936 1145/1391/936
f 1137/1496/937 1079/1426/937 1211/1429/937 1274/1500/937
f 1274/1500/938 1211/1429/938 1080/1431/938 1138/1497/938
f 1145/1391/939 1274/1500/939 1138/1497/939 1047/1392/939
f 1043/1381/940 1135/1490/940 1275/1501/940 1144/1382/940
f 1135/1490/941 1077/1420/941 1212/1423/941 1275/1501/941
f 1275/1501/942 1212/1423/942 1081/1425/942 1139/1491/942
f 1144/1382/943 1275/1501/943 1139/1491/943 1048/1383/943
f 1045/1372/944 1136/1493/944 1276/1502/944 1143/1373/944
f 1136/1493/945 1078/1414/945 1213/1417/945 1276/1502/945
f 1276/1502/946 1213/1417/946 1082/1419/946 1140/1494/946
f 1143/1373/947 1276/1502/947 1140/1494/947 1049/1374/947
f 1042/1363/948 1206/1499/948 1277/1503/948 1142/1364/948
f 1206/1499/949 1084/1407/949 1214/1410/949 1277/1503/949
f 1277/1503/950 1214/1410/950 1083/1413/950 1141/1488/950
f 1142/1364/951 1277/1503/951 1141/1488/951 1050/1365/951
f 1051/1257/952 1159/1256/952 1278/1504/952 1151/1411/952
f 1159/1256/953 1007/1222/953 1123/1221/953 1278/1504/953
f 1278/1504/954 1123/1221/954 1037/1191/954 1166/1188/954
f 1151/1411/955 1278/1504/955 1166/1188/955 1060/1187/955
f 1291/1283/956 1294/1286/956 1044/1505/956 1053/1506/956 1290/1284/956
f 1053/1506/957 1292/1280/957 1289/1285/957 1290/1284/957
f 1297/1290/958 1293/1281/958 1292/1280/958 1053/1506/958 1298/1289/958
f 1296/1288/959 1298/1289/959 1053/1506/959 1044/1505/959 1295/1287/959
f 1284/1244/960 1283/1243/960 1054/1507/960 1281/1239/960
f 1281/1239/961 1054/1507/961 1044/1505/961 1294/1286/961 1280/1238/961 1279/1237/961
f 1044/1505/962 1054/1507/962 1286/1245/962 1285/1249/962 1287/1248/962 1288/1251/962 1295/1287/962
f 1054/1507/963 1283/1243/963 1282/1242/963 1286/1245/963
f 1006/1508/964 1018/1509/964 1321/1347/964 1299/1214/964 1301/1220/964 1300/1219/964
f 1018/1509/965 1009/1510/965 1320/1349/965 1322/1348/965 1321/1347/965
f 1009/1510/966 1023/1511/966 1312/1337/966 1311/1336/966 1318/1345/966 1319/1346/966 1320/1349/966
f 1312/1337/967 1023/1511/967 1015/1512/967 1316/1340/967 1314/1339/967 1313/1338/967
f 1015/1512/968 1027/1513/968 1317/1342/968 1315/1341/968 1316/1340/968
f 1027/1513/969 1011/1514/969 1310/1233/969 1307/1232/969 1306/1231/969 1317/1342/969
f 1011/1514/970 1031/1515/970 1304/1226/970 1305/1225/970 1308/1230/970 1309/1229/970 1310/1233/970
f 1304/1226/971 1031/1515/971 1006/1508/971 1300/1219/971 1302/1218/971 1303/1217/971
f 1009/1510/657 1018/1509/657 1038/1516/657 1023/1511/657
f 1023/1511/656 1038/1516/656 1027/1513/656 1015/1512/656
f 1038/1516/655 1031/1515/655 1011/1514/655 1027/1513/655
f 1018/1509/654 1006/1508/654 1031/1515/654 1038/1516/654
